,Unnamed: 0,_id,ltable_id,rtable_id,ltable_title,ltable_artist_name,ltable_year,rtable_title,rtable_year,rtable_episode,rtable_song,rtable_artists
2404,2404,2404,1104,229697,Call All Angels,The Dolly Rocker Movement,2006,Supergirl,2015.0,Better Angels (#1.20),One Call Away (feat. Tyga) [Remix],charlie puth
3039,3039,3039,1177,238249,I'm Sorry (aka I'm So Sorry) (Album Version),CLUB NOUVEAU,1989,The Big Bang Theory,2007.0,The Graduation Transmission (#8.22),History of Everything (Instrumental version),barenaked ladies
3920,3920,3920,1451,171425,So Many Sides Of You,Bobby Womack,1981,One Hit Wonderland,2012.0,Baby Got Back (#1.2),Me So Horny,luther campbell+brother marquis+mr. mixx+ricardo williams+fresh kid ice+2 live crew
6545,6545,6545,1906,371991,Baby I Love You,The Bar-Kays,1971,Blue Valentine,2010.0,,You Always Hurt the One You Love,doris fisher+allan roberts+ryan gosling
25616,25616,25616,9199,193812,Why don't you eat where you slept last night ?,Zuzu Bollin,0,Red Band Society,2014.0,Pilot (#1.1),Stuck in the Middle With You,gerry rafferty+joe egan+stealers wheel
28075,28075,28075,9587,726853,Touch Me (I Want Your Body) ?09,Samantha Fox,1992,Woodfalls,2014.0,,I Cant Wait,planky
28855,28855,28855,9758,250625,I Ain't Mad At Cha,xLooking Forwardx,2005,The King of Queens,1998.0,Knee Jerk (#8.16),I Put a Spell on You,screamin jay hawkins
33027,33027,33027,10934,436171,Sunday Music Club,Yuichiro Fujimoto,2005,Falscher Bekenner,2005.0,,Approximate Music,
36612,36612,36612,11712,730371,What's in a number & Feed me lies remixes,Theodor Zox,2007,Youre So Cupid!,2010.0,,Another Side Of Me,chris pelcer+leslie mills
55677,55677,55677,21191,58238,Dance To The Music Of The World - Original Re-Mix (Practice Session),Prince With 94 East,0,Dancing with the Stars,2005.0,Dynamic Duos Night (#19.10),Trust,prince
57620,57620,57620,21866,468119,Un compromiso / Toda una vida,Son de la Frontera,0,Hello  My Name Is Doris,2015.0,,String Quartet In D Major Op. 44 No.1 II. Menuetto  Un Poco Allegro,felix mendelssohn-bartholdy+brian h. kim
63736,63736,63736,24370,421893,Go Down (feat. Mistah F.A.B._ Tuff Da Goon_ Bavgate_ Yukmouth_ Miami),Kilo,0,Drillbit Taylor,2008.0,,Somethings Going Down Tonight,andy cooper+rodney pleasant+dustin mcfarland+ugly duckling+arrangement with warner music group film+tv licensing
67201,67201,67201,25418,344920,Edgar The Party Man,John Gorka,1996,Alone,2013.0,,Party,john avarese
71684,71684,71684,27221,370911,Turn The Heat Up,Phil Perry / Lee Ritenour / Eric R. Tagg / Paulinho Costa / Phil Perry / Eric Tagg / Larry Williams,0,Blood Out,2011.0,,Im The Shit,t. lee
74992,74992,74992,28225,586187,The Blood Covers It All (Live),Legacy Five,0,QSW: The Rebel Zone,2001.0,,Live Up,mojah+annan lololi+quamme williams+truth+rights
91074,91074,91074,32622,631778,May The Lord Bless And Keep You,Ernest Tubb,0,Strange Alibi,1941.0,,I Get a Kick Out of You,cole porter
95993,95993,95993,35012,549301,Hey Dude,Adam Green,2006,My Best Friends Girl,2008.0,,The Bubble Club,adam beltran+rick garcia+michael sean oneal
96349,96349,96349,35609,82953,Pitchin In...,Greg Brown,0,Entourage,2004.0,An Offer Refused (#2.4),Ill Be,foxy brown
97668,97668,97668,35961,362791,I'll Go Where Your Music Takes Me,Tina Charles,1998,Beaver Trilogy Part IV,2015.0,,Please Dont Keep Me Waiting,groovin gary
98765,98765,98765,36037,690700,Baba O'Riley (Don't Cry Baba O'Dub),The Cube Guys,0,The Wedding Planner,2001.0,,Love Dont Cost A Thing,damon sharpe+gregory dean lawson+georgette franklin+jeremy monroe+amille harris+jennifer lopez+arrangement with sony music licensing
100943,100943,100943,36978,424343,I've Got A Crush On You,New York Philharmonic;Zubin Mehta,0,Eagles: The Farewell 1 Tour - Live from Melbourne,2005.0,,You Belong to the City,glenn frey+jack tempchin
106569,106569,106569,39327,148191,Innocent When You Dream (78),Tom Waits,1987,Malaysian Idol,2004.0,The Spectaculars #1 - My Idol (#1.14),If I Let You Go,jÌ¦rgen elofsson+per magnusson+david kreuger+victor lee choon keat
113505,113505,113505,42621,236088,Main To Piya Se Naina Lagaa Aayi Re,Ustad Nusrat Fateh Ali Khan / Ustad Sultan Khan,0,The Americans,2013.0,The Walk-In (#2.3),Main Theme,nathan barr
120219,120219,120219,45457,687427,Ma_ Renee & Me (Interlude),Karen Bernod,2006,The Theory of Flight,1998.0,,Send Me on My Way,michael glabicki+jim donovan+jenn wertz+liz berlin+rusted root
142290,142290,142290,52425,554630,Dream Of Mirrors,Iron Maiden,2000,Nertsery Rhymes,1933.0,,The Story of the Lady in the Fan,bonnie bonnell
144297,144297,144297,53207,199962,Try A Little Tenderness,Bobby Taylor / The Vancouvers,1968,Sabrina  the Teenage Witch,1996.0,The Arrangement (#6.14),Sabrina End Theme,danny lux+paul taylor
144989,144989,144989,53607,619414,El Foc I La Paraula,Obrint Pas,2004,Small Town Saturday Night,2010.0,,And Then I Did,jeffrey steele
167276,167276,167276,60854,540086,More (Theme From 'Mondo Cane'),The Charlie Byrd Trio,0,Mickeys Fun Songs: Campout at Walt Disney World,1994.0,,Fun Songs Theme,dave kinnoin
177610,177610,177610,62707,721960,Autumn Leaves,Roger Williams,1955,When You Comin Back  Red Ryder?,1979.0,,Youre Nobody Till Somebody Loves You,james cavanaugh+russ morgan+larry stock+andy williams
178182,178182,178182,62980,531996,Little Man (LP/Single Version),Sonny & Cher,0,Man Flu: A Silence Killer,2010.0,,Man Flu,colin bailey
178858,178858,178858,63086,405750,All Night Long,The Johnny Otis Show,0,Darling Lili,1970.0,,Its a Long  Long Way to Tipperary,jack judge+harry williams+julie andrews+cast
180822,180822,180822,63362,557227,Soak Up The Sun,Sheryl Crow,2002,Nine Inch Nails Live: Beside You in Time,2007.0,,Gave Up,trent reznor+nine inch nails
185484,185484,185484,65385,508619,El Oro De La Gallina De Los Huevos,Seguridad Social,1999,La nouvelle gÌ©nÌ©ration chante Goldman,2013.0,,Quand la musique est bonne,jean-jacques goldman+amel bent+soprano
185893,185893,185893,65546,502511,The Michael Vick Song,Tim Wilson,2005,Kissing Paris,2008.0,,Margarets song,jocelyn moen with chris cody+lucien johnson+chris jennings+adam cutforth
202804,202804,202804,72502,642621,The Ballard Of Judge Dread,Judge Dread,0,Thanks for Listening,1937.0,,In the Name of Love,connie lee+al heath+buddy la roux+the brian sisters
203900,203900,203900,73048,370762,My Dream House,Z5,0,Blood Bound,2007.0,,My Charm,jeff robinson+the matinees
204277,204277,204277,73204,588664,Adventure No. 11,Jim Chappell,1990,Rainbow,1995.0,,Concerto Grosso Op 3 No 8,antonio vivaldi
209850,209850,209850,75335,520377,I'll Give You Back (When You Belong To Me),The Mavericks,1990,Little Red Wagon,2012.0,,Give Me New Eyes,john mcandrew
213994,213994,213994,77243,94528,Temple of the Morning Star,Today Is The Day,2006,Galavant,2015.0,Love and Death (#2.7),Time is of the Essence,alan menken+reece shearsmith
223493,223493,223493,80699,644331,The Way You Look Tonight,Fred Astaire & Ginger Rogers,1998,The 43rd Annual Academy Awards,1971.0,,Thank You Very Much,leslie bricusse+petula clark+sally kellerman+burt lancaster+ricardo montalban
227948,227948,227948,82447,389223,Glory Oh,Greg Keelor,0,Chavez Cage of Glory,2013.0,,Return,greg vossberg
232024,232024,232024,83860,366334,Nobody Flyer Than Me,Young Dru,0,Beyond Therapy,1987.0,,Someone To Watch Over Me,george gershwin+yves montand
246407,246407,246407,88725,418618,If You Gotta Make A Fool Of Somebody,Freddie & The Dreamers,1988,Domino,2005.0,,Hey You,nick welsh
246734,246734,246734,88725,645139,If You Gotta Make A Fool Of Somebody,Freddie & The Dreamers,1988,The 66th Annual Tony Awards,2012.0,,You Made Me Love You (I Didnt Want to Do It),james v. monaco+tracie bennett
251041,251041,251041,89482,130916,California On My Mind (LP Version),Tony Joe White,0,Kupetzky,2006.0,Zeitreise (#1.10),Power of My Love,bernie baum+bill giant+florence kaye+elvis presley
259570,259570,259570,91973,478372,Happenings' Medley: Oh! The Grand Old Duke Of York / Ding Dong Dell / Three Blind Mice / Six Little Mice Sat Down To Spin / Hickory Dickory Dock / Humpty Dumpty / Jack And Jill / Hey Diddle Diddle,The Mother Goose Singers,0,I Am Britney Jean,2013.0,,Piece of Me,music courtesy of rca/sony music+britney spears+klas ahlund+christian karlsson+pontus winnberg
267128,267128,267128,94064,618593,I Dig You (Album),Zumpano,1995,Sleep with Me,1994.0,,I Miss You,joey lauren adams
296325,296325,296325,103441,709039,You Are No Good - Original,Michael Prophet,0,Une chanson dans la tÌ»te,2008.0,,Where have you been all my life ?,hal david+john cacavas
308659,308659,308659,107878,179301,Pimp My Ride,Zinc,0,Pastor Mike Online,2011.0,(#1.90),Wont You Be My Neighbor?,fred rogers
309683,309683,309683,108123,568901,When Love Takes You In,Worship Ensemble,0,Out to Kill,2014.0,,You Dont Know How Hard,tom goss+liz deroche
324705,324705,324705,112573,690335,I Will Love You Forever (Joker),Westside Cartel,0,The Watch,2012.0,,I Got Mine,dan auerbach+patrick j. carney+the black keys+arrangement with warner music group film+tv licensing
325025,325025,325025,112632,179052,Every Day When I Come Home I Expect To Find You Gone,Jim Bob,0,Pasila,2007.0,Veli (#2.10),He Aint Heavy  Hes My Brother,bob russell+bobby scott+the hollies
325077,325077,325077,112632,216709,Every Day When I Come Home I Expect To Find You Gone,Jim Bob,0,So You Think You Can Dance,2005.0,The Top 12 Perform (#6.17),A Case of You,diana krall
331838,331838,331838,114122,672992,The Power of Three,We Rock Like Girls Don't,0,The Mark of Cain,2001.0,,Isle of the Dead,sergei rachmaninoff+symphony 1+st. petersburg state academic symphony orchestra
339459,339459,339459,116069,366334,Grind Wit Me  (feat. B. Lester_ Big Wett & A.J.),Fat Bastard,0,Beyond Therapy,1987.0,,Someone To Watch Over Me,george gershwin+yves montand
345592,345592,345592,118763,445600,Love In the Shadows (Solar City Big Room Mix),E.G. Daily,0,French Kiss,1995.0,,I Love Paris,cole porter+ella fitzgerald
348571,348571,348571,119963,604231,I Remember You_ Love,Vic Damone,0,Sasquatch Mountain,2006.0,,Things You Do To Me,hank williams iii
351882,351882,351882,122222,402709,La Repuesta (The Answer),Nelson Rangell,1997,Dun temps  dun paÌ_s,1996.0,,A la vora de la nit,josep maria espinÌÊs+joan manuel serrat
354431,354431,354431,123456,536169,Piano Concerto No. 1 In B Flat Minor Op. 23 : II Andantino Semplice - Prestissimo - Tempo I: 12/30/1899 6:52:00 AM,Yes,0,Me Myself and I,1992.0,,SINFONIA CONCERTANTE IN E FLAT MAJOR FOR VIOLIN AND VIOLA K. 364 ALLEGRO MAESTOSO,wolfgang amadeus mozart
370389,370389,370389,128925,421683,King Of The Night,Working Week,1986,Dreams of a Life,2011.0,,The Things That Dreams Are Made of,the human league+phil oakey+philip adrian wright
373591,373591,373591,129791,220697,No Te Enamores Nunca De Aquel Marinero BengalÌ_,Los Abuelos De La Nada,1982,Soy tu dueÌ±a,2010.0,ReconciliaciÌ_n (#1.105),DueÌ±a de tu amor,lucero
377031,377031,377031,130209,237479,Wear Me Down,Son Of Dork,2005,The Beatles,1965.0,Im Down/Run for Your Life (#2.3),Im Down,john lennon+paul mccartney+the beatles
383488,383488,383488,131994,244039,King Of The Mountain,Bon Jovi,1985,The Fall,2013.0,Dark Descent (#1.1),Morning of New Joy,aisling franciosi
385984,385984,385984,132812,644576,Love Crimes,Moonspell,1995,The 52nd Annual Academy Awards,1980.0,,Theme from Ice Castles (Through the Eyes of Love),marvin hamlisch+carole bayer sager+melissa manchester
399032,399032,399032,138408,545508,Wer nicht liebt_ der versteht nicht zu leben,Lena Valaitis,0,Mortelle randonnÌ©e,1983.0,,Der Hirt auf dem Felsen,franz schubert
400024,400024,400024,139142,256575,Georgia On My Mind,Hoagy Carmichael / The Buddy Cole Quartet,1956,The Morecambe & Wise Show,1968.0,(#7.9),The Windmills Of Your Mind,michel legrand+hannah gordon
412816,412816,412816,143316,644159,The Merry Christmas Medley (LP Version),Frankie Valli & The Four Seasons,0,The 3rd Annual Women Rock! Girls and Guitars,2002.0,,Trough The Fire / Coming Out Of The Dark (Medley),david foster+tom keane+cynthia weil   / gloria estefan+emilio estefan jr.+jon secada+gloria estefan+chaka khan
415242,415242,415242,144503,400612,My Daughter (Sama Doom),Youssou N'Dour,1989,Crime Spree,2003.0,,From My Heart,tony kinsey
421073,421073,421073,145829,255577,Lullaby Of Broadway,Werner MÌ_ller,0,The Match Game,1962.0,Kitty Carlisle & Milt Kamen (#1.85),A Swingin Safari (The Theme of The Match Game),bert kaempfert
428241,428241,428241,147929,722869,All The Way (Album Version),The Rance Allen Group,0,Whiskey Tango Foxtrot,2016.0,,Green Gloves,matt berninger+bryce dessner+the national+arrangement with beggars group media limited
442851,442851,442851,153198,279886,The Universe Is Calling You,Brenda Russell,1993,The Tonight Show with Jay Leno,1992.0,Rainn Wilson/Epic Meal Time/Serj Tankian (#19.110),You Can Call Me Al,paul simon+the tonight show band
459055,459055,459055,157727,386096,How I Spent My Summer Vacation,The Ataris / Useless ID,2000,Casino Jack and the United States of Money,2010.0,,I SMELL A RAT,buddy guy
462059,462059,462059,158973,223077,Song for Emigrants,The High Water Marks,2007,SpongeBob SquarePants,1999.0,SpongeBob Meets the Strangler/Pranks a Lot (#3.20),SpongeBob SquarePants Theme Song,stephen hillenburg+derek drymon+hank smith music+patrick pinney
462215,462215,462215,159053,258382,Sleep (Album Version),My Chemical Romance,2006,The O.C.,2003.0,The Brothers Grim (#2.17),Beat Up Blue (Lucid Version),justin catalino
463855,463855,463855,159674,138733,Out of Control,White Swan Black Swan,0,Life,2007.0,Jackpot (#2.7),Speed of Life,adam rader
477013,477013,477013,164969,642621,ParaÌ_so,La Ley,2000,Thanks for Listening,1937.0,,In the Name of Love,connie lee+al heath+buddy la roux+the brian sisters
483828,483828,483828,167674,254422,Of Darkness Spawned,The Black Dahlia Murder,2007,The Match Game,1962.0,(#1.66),A Swingin Safari (The Theme of The Match Game),bert kaempfert
486331,486331,486331,168512,47302,Jesus_ Lover Of My Soul,The Edwin Hawkins Singers,0,Cold Case,2003.0,Chinatown (#7.8),Age of Consent,bernard sumner+peter hook+stephen morris+gillian gilbert+new order
509600,509600,509600,177328,450690,I Love Ya (Masch Remix),Nik & Jay,0,Get Him to the Greek,2010.0,,Love Today,mika
509667,509667,509667,177328,518638,I Love Ya (Masch Remix),Nik & Jay,0,Life of Crime,2013.0,,Im Not Afraid of Love,tyler ludy+edgar matthews+sharen clark+the product of time
516467,516467,516467,179431,724125,Cant You Find Another Way Of Doing It Baby,Sam & Dave,0,Wie kÌ_sst man einen MillionÌ_r?,2007.0,,Wherever You Will Go,alex band+aaron kamin+the calling
522711,522711,522711,181230,194827,Man In The Mirror (Made Famous By Michael Jackson),Yoga Pop Ups,0,Ren & Stimpy Adult Party Cartoon,2003.0,Stimpys Pregnant (#1.7),Funny Little Man,winifred palmer
532472,532472,532472,184452,667641,This Woman's Work,Maxwell,1997,The Joy of the Single,2012.0,,We Gotta Get Out of This Place,barry mann+cynthia weil+the animals
537991,537991,537991,186984,457544,Black Static Transmission,Schloss Tegal,1996,Grand Theft Auto V,2013.0,,Rock House,circle jerks+keith clark+greg hetson+zander schloss
543735,543735,543735,189168,366519,Four Songs for High Voice and Orchestra_ Op. 27: IV. Morgen (Und morgen wird die Sonne wieder scheinen),Berlin Symphony Orchestra,0,Beyond the Pecos,1945.0,,High  Wide and Handsome,tex ritter and ted choate+ray whitley+his 6-bar cowboys
548457,548457,548457,190618,438000,Get Outta My Dreams_ Get Into My Car,Billy Ocean,1988,Felicias Journey,1999.0,,My Special Angel,malcolm vaughan+jimmy duncan
549727,549727,549727,190677,680578,You Look Like The Devil (Sunday Set 1) (Live at the Texas Opry House),Willie Nelson,0,The Ramones and I,2002.0,,Do You Remember Rock and Roll Radio,joey ramone+johnny ramone+dee dee ramone+the ramones
555779,555779,555779,193049,51975,I Quit My Job,Hot Club De Paris,2006,Criminal Minds,2005.0,Plain Sight (#1.4),Doctor My Eyes,jackson browne
556773,556773,556773,193155,347252,La vita Ì¬ inferno . . . Oh tu che in seno agli angeli from La forza del destino,Salvatore Licitra,0,American Reunion,2012.0,,La Traviata Atto II Addio Al Passato,giuseppe verdi
559957,559957,559957,194130,721741,Filmed In Front of A Live Studio Audience,United Nations,2008,When Nietzsche Wept,2007.0,,Ride of the Valkyries,richard wagner+the slovak radio symphony orchestra+arrangement with source/q
559961,559961,559961,194130,727560,Filmed In Front of A Live Studio Audience,United Nations,2008,Wrong Side of Town,2010.0,,The Wrong Side of Town (Main Titles),dhana taprogge+greg allen+taxi doll
571338,571338,571338,198406,627064,You And The Night And The Music,Baby Washington,0,Spun,2002.0,,Gotta Get to Know You,foghat+arrangement with warner special products
585607,585607,585607,203774,119797,The Ghost of the St. Louis Blues,Mary Flower,2009,Independent Lens,1999.0,A Ballerinas Tale (#17.9),D 957  No. 4 Standchen,franz schubert+chloe flower
586737,586737,586737,204283,153441,What's My Name? (rock With The Hot 8),Hot 8 Brass Band,2007,Mickey Mouse Clubhouse,2006.0,Mickeys Big Band Concert (#2.11),Hot Dog!,they might be giants
586849,586849,586849,204283,278223,What's My Name? (rock With The Hot 8),Hot 8 Brass Band,2007,The Tonight Show with Jay Leno,1992.0,(#20.146),Come On Get It,lenny kravitz+craig ross+the tonight show band
588184,588184,588184,204745,483799,Tell It To My Heart,Royal Gigolos,2006,In Old Sacramento,1946.0,,My Gal Is a High-Born Lady,barney fagan
588337,588337,588337,204974,91144,Make Me Know You're Mine,The Swinging Blue Jeans,1998,Fraggle Rock,1983.0,Mirror  Mirror (#5.1),Make a Friend,philip balsam+dennis lee+sandra shamas+cheryl wagner+karen prell
597390,597390,597390,207840,182107,In My Room (David Jansen BBC Session),Yazoo,0,Platinum,2003.0,Loyalty (#1.4),My Thugs,simon j. hunter
601298,601298,601298,209986,623858,Here For You Forever,Naughty Naughty,0,Soul Food,1997.0,,I Said I Love You,kenneth babyface edmonds+arrangement with sony music licensing
618618,618618,618618,214786,487563,Kingdom Of Rust (Acoustic Version),Doves,2009,It Came from Somewhere Else,1988.0,,Trail of the Lonesome Pine,harry carroll+lyrics by ballard macdonald+stan laurel+oliver hardy
619400,619400,619400,214839,573493,Earth Song,Michael Jackson,1995,Paying the Piper,1949.0,,The Gold Diggers Song (Were in the Money),harry warren
624084,624084,624084,215745,518060,Know My Baby,Federico Baltimore,0,Liebe  Tanz und 1000 Schlager,1955.0,,Sing  Baby  sing,peter alexander+caterina valente
628276,628276,628276,217450,725120,And Ill See You No More,The Stylistics,0,Winchell,1998.0,,Im Confessin (That I Love You),ellis reynolds+al neiburg+doc dougherty+victoria platt
636413,636413,636413,221101,475634,Young Love,Chris Brown,0,House Party,1990.0,,This Is Love,kenny vaughan
642144,642144,642144,223101,292941,El Radar Al Servicio De Los Magos,Triangulo De Amor Bizarro,2010,The Young and the Restless,1973.0,(#1.9915),Nadias Theme,barry de vorzon+perry botkin jr.
643649,643649,643649,223845,697489,East Coast Angle,Joe Christmas,0,Tin Cup,1996.0,,Character Flaw,joe ely+patrick flannery
656559,656559,656559,228557,123242,Inside Of You,Fabio XB,0,Jacks Big Music Show,2005.0,Scat Cat (#2.8),Youre the One Whos Made for Me and I Was Made for You,jason trachtenburg+the trachtenburg family slideshow players
667856,667856,667856,231510,609427,I Wanna Live In Other Space,Venerea,0,Setup,2011.0,,I Miss You,parker theory+jesse pruett
670467,670467,670467,232845,210014,Gone Away (LP Version),Seven Mary Three,1997,Shin Seiki Evangerion,1995.0,Magma Diver (#1.10),Fly Me to the Moon (Yoko Takahashi Version),yÌ«ko takahashi+bart howard
673309,673309,673309,233792,45945,Sekai no Kuni kara Konnichiwa,Kyu Sakamoto,0,ChÌ« semeitai Transformer: Beast Wars Neo,1999.0,,Te no Naka no Uchu,hitomi yuki
679605,679605,679605,235202,418210,Here Comes Treble,The Flatliners,2010,Dolly Parton Meets the Kids,1983.0,,Here You Come Again,barry mann+cynthia weil+dolly parton
680813,680813,680813,235738,520966,Waters Run Deep,Kristine W,2000,Live at the El Mocambo: Stevie Ray Vaughan and Double Trouble,1991.0,,Texas Flood,larry c. davis+joseph w. scott
682842,682842,682842,236793,115612,In The Snow,Miss Alex White & The Red Orchestra,0,I Love Lucy,1951.0,Tennessee Ernie Visits (#3.28),Theme From I Love Lucy (Instrumental),eliot daniel+wilbur hatch+the desi arnaz orchestra
698209,698209,698209,241229,338362,I'm Gonna Love You Just A Little,Barry White,2003,Abduction,2009.0,,Lava Lamp of Love,jim baker+john orrichio+cathy loch
718342,718342,718342,247251,374457,Losing My Mind (Follies),Stephen Sondheim,0,Boss of Boomtown,1944.0,,My Proud Beauty,johnny marvin+marie austin
722000,722000,722000,248032,235434,Galang So,Voicemail,0,The Adventures of Brisco County Jr.,1993.0,Deep in the Heart of Dixie (#1.11),It Feels So Good to Be Bad,kelly rutherford
726418,726418,726418,249598,48029,When A Man Loves A Woman (The Way That I Love You),Billy Walker,0,Cold Feet,1997.0,(#3.6),(Love Is) The Tender Trap,james nesbitt
728741,728741,728741,249734,419739,Love Me as Hard as You Hurt Me,Wayne Toups,0,Dorfman,2011.0,,How Are You Doing?,eleni mandell+inara george+becky stark+the living sisters
742705,742705,742705,252262,731419,You're Full Of Shit,Dope,2001,Zach Galifianakis: Live at the Purple Onion,2006.0,,The Greatest Love of All,michael masser+linda creed+the pacific boychoir academy
750091,750091,750091,254087,613621,We Are Alive (Christopher Just Remix),Paul Van Dyk,2000,Show Business,1944.0,,I Want a Girl (Just Like the Girl That Married Dear Old Dad),harry von tilzer+eddie cantor+george murphy+constance moore+joan davis
755797,755797,755797,256030,270179,When The World Is Running Down_ You Make The Best Of What's Still Around,The Police,0,The Sopranos,1999.0,The Blue Comet (#6.20),You Remember,mary lorson+madder rose
760567,760567,760567,257345,93783,Orlando,Bert Jansch / John Renbourn,1966,Full House,1987.0,The House Meets the Mouse: Part 2 (#6.24),A Dream Is a Wish Your Heart Makes,john stamos  (jesse+the rippers)+mack david+al hoffman+jerry livingston
761005,761005,761005,257407,208737,A Case Of You,Diana Krall,2000,Shameless,2011.0,The Sins of My Caretaker (#3.5),The Luck You Got,the high strung
764255,764255,764255,258044,323398,Kingdom Coming And The Year Of Jubilo,Frank Crumit,0,Yugio deyueru monsutazu,2000.0,Legendary Fisherman: Part 2 (#2.20),The Afternoon of that Day,masami okui
767573,767573,767573,258752,316133,I've Got My Eyes On You,Jessica Simpson,1999,Waterloo Road,2006.0,Read My Lips (#8.4),I Waited for You,simian mobile disco
774593,774593,774593,260998,425515,Ahorita Me Voy,Los Player's,0,Edtv,1999.0,,Here I Am (Come And Take Me),al green+teenie hodges
786523,786523,786523,265176,272436,The Lady's In Love With You (reminiscent of 1956 Vince Guaraldi trio recording with guitarist Eddie Duran and bassist Dean Reilly),Larry Vuckovich,0,The Timberwood Tales,1991.0,,(Better Beware Of) The Grizzly Bear,robert b. sherman+richard m. sherman
789396,789396,789396,266267,332968,Sea Green,William Orbit,2006,A Fine Mess,1986.0,,Easier Said Than Done,william linton+larry huff+chico debarge
820743,820743,820743,275471,607821,18 Days of Rain,Walt Wilkins,0,Second Chance,1950.0,,Faith of Our Fathers,h.f. hemy+the cathedral choir of the first presbyterian church of hollywood
830008,830008,830008,278352,2013,The Girl Of Her Dreams,Vincent Gallo,1992,2015 FIFA Womens World Cup,2015.0,Japan vs. England (#1.67),Ballad of the Mighty I,noel gallagher+noel gallaghers high flying birds
833141,833141,833141,278762,364779,Loose My Soul,The Flaming Sideburns,2001,Berkeley in the Sixties,1990.0,,All My Trials,joan baez
843551,843551,843551,281281,610062,To Be With You,Andrew Spencer,0,Sex  kofe  sigarety,2014.0,,I love you so much it makes me cry,igor krutoy+igor nikolaev
850231,850231,850231,282856,432681,You Don't Love Me,The Kooks,2006,Eternity: The Movie,2014.0,,Known You Forever,joey abi-loutfi+eric staley
850995,850995,850995,282989,678319,Pickin' On Your Body,Clarence Williams' Blue Five,0,The Philly Kid,2012.0,,Your Love Is Convenient,ian honeyman+mark bates+daniel rojas
858634,858634,858634,288041,118162,Preisner : Requiem for my Friend : Life - IV Kai Kairos,Zbigniew Preisner,0,Idols,2002.0,Grand Final (#2.31),You Light Up My Life,joseph brooks+posoletso sejosingoe
870353,870353,870353,291953,654380,Hot Rod Gang,Gene Vincent And His Blue Caps,0,The Cowboy and the Indians,1949.0,,America the Beautiful,gene autry+samuel a. ward
874077,874077,874077,293471,659737,Death Of My Neighborhood,Underground Resistance,2008,The Filth and the Fury,2000.0,,My Way,paul anka  / jacques revaux  / claude franÌ¤ois   / gilles thibault+the sex pistols+arrangement with warner special products
874295,874295,874295,293512,523296,Entre Tu Amor y mi Dolor,Yoskar Sarante,2005,Los amores de Marieta - Los Fabulosos 20s,1964.0,,Flor de amor,josÌ© padilla
899396,899396,899396,304061,393392,Shoot Out the Lights,Richard Thompson,1988,Classic Widows,1995.0,,Odd Man Out  Prelude,william alwyn+london symphony orchestra
905791,905791,905791,306589,162765,All Of My Life,Sam Cooke,1959,Mystery Science Theater 3000,1988.0,Attack of the the Eye Creatures (#5.18),Leader of the Pack,jeff barry+ellie greenwich+shadow morton+joel hodgson
914332,914332,914332,308027,394629,Cheers To you_ Master Of The House (Nazdrave Ti_ Chorbadjiio) - For The Young Hostess,The Mystery Of Bulgarian Voices Choir & Dora Hristova,0,Coal Miners Daughter,1980.0,,You Aint Woman Enough (To Take My Man),loretta lynn+sissy spacek
923131,923131,923131,310515,392303,Antidromic,David S. Ware / Matthew Shipp / William Parker / Susie Ibarra,2009,Cinderella III: A Twist in Time,2007.0,,I Still Believe,matthew gerrard+bridget benenate+hayden panettiere
929017,929017,929017,312562,559888,Put You In The Picture (2003 Digital Remaster),The Rich Kids,0,Not Fade Away,2012.0,,I Want To Tell You,george harrison+the beatles
941821,941821,941821,317519,39453,I Wish You Love,Zucchero,1998,CSI: Crime Scene Investigation,2000.0,Too Tough to Die (#1.16),Who Are You,pete townshend+the who
947414,947414,947414,318404,522832,A Fire Burns At The Foot Of Our Bed,Pinetop Seven,2005,Lord Byron of Broadway,1930.0,,Blue Daughter of Heaven,dimitri tiomkin+james burroughs+danced to by albertina rasch  ballet
957103,957103,957103,321124,564012,Midsummer Day,The Tea Party,1991,Oklahoma!,1999.0,,Many A New Day,richard rodgers+josefina gabrielle
960338,960338,960338,322072,704825,Love Don't Care,Tommy Castro,2007,Turn Around,2007.0,,Is it you,tommy dalton+t. trombetta
969812,969812,969812,324716,480321,William S. Burroughs Recites Edgar Allan Poes The Mask Of The Red Death,William S. Burroughs,0,I giorni dellira,1967.0,,The Days Of Anger [VII] [I Giorni DellIra (#7)],riz ortolani
982708,982708,982708,329018,595363,Time Has A New Meaning,The Marvelettes,0,Rise Up: Canadian Pop Music in the 1980s,2009.0,,New Orleans is Sinking,the tragically hip
983504,983504,983504,329191,357383,Don't Take It Out On Our Love,The Refreshments,0,Back to Gaya,2004.0,,Teach The World to Love,john cacavas /bonnie cacavas+the john cacavas orchestra
996578,996578,996578,333492,418611,The Man Who Had It All (Introducing The Smoke Signals),Eric Roberson,0,Domino,2005.0,,Main Title Man On Fire,harry gregson-williams
1002319,1002319,1002319,335881,53619,Save Myself  (Mix Of Life Album Version),Zoegirl,0,Curb Your Enthusiasm,2000.0,The Surrogate (#4.7),The King of Broadway,mel brooks+larry david
1010506,1010506,1010506,336813,48029,The Man I Love,Paul Whiteman & His Orchestra,0,Cold Feet,1997.0,(#3.6),(Love Is) The Tender Trap,james nesbitt
1017000,1017000,1017000,338586,439263,Tainted Love,My Ruin,1999,Filthy Gorgeous: The Trannyshack Story,2005.0,,I Love Rock And Roll,jake hooker+alan merrill+joan jett+the blackhearts
1023994,1023994,1023994,340989,203179,We Will Rock You (Live),Queen + Paul Rodgers,0,Saturday Night Live,1975.0,Sissy Spacek/Richard Baskin (#2.16),One  I Love You,richard baskin+sissy spacek
1038606,1038606,1038606,347426,371991,Closer To You,Brett Dennen,2008,Blue Valentine,2010.0,,You Always Hurt the One You Love,doris fisher+allan roberts+ryan gosling
1043417,1043417,1043417,349337,434421,Written off,The Blue Bloods,2004,Exit Wounds,2001.0,,Off Da Chain Daddy,drag-on+a. smith+k. davis+aja
1044259,1044259,1044259,349534,254422,Awakening Of Pleasant Feelings Upon Arriving In Th,Charles MacKerras/ London Philharmonic,0,The Match Game,1962.0,(#1.66),A Swingin Safari (The Theme of The Match Game),bert kaempfert
1045078,1045078,1045078,349633,548099,Chain Of Fools,The Commitments,1991,Murder Most Likely,1999.0,,Out of the Darkness,earl johnson+buzz shearman+david moxness
1047180,1047180,1047180,350697,486288,Song of the Sea,Tunng,2005,Invasion: UFO,1974.0,,Dawn of an Era,francis monkman
1050592,1050592,1050592,351680,645429,Medley: Who - My Heart Stood Still - Three Little Words - Dig Down Deep,Tommy Dorsey & His Orchestra,0,The 90s: Ten Years That Changed the World,2015.0,,Smack My Bitch Up,liam howlett+ced-gee+t.r. love+moe love+kool keith+the prodigy
1058836,1058836,1058836,353792,592959,Come Along ft. Tiye Phoenix,Dynas,0,Rest Stop: Dont Look Back,2008.0,,Come On,jonah johnson+richard pookie woods+blackcowboy
1059670,1059670,1059670,354141,163813,Menuet From String Quintet No. 5 In E Major_ Op. 13,Luigi Boccherini,0,Mystery Science Theater 3000,1988.0,The Undead (#9.6),I Caint Say No,richard rodgers+kevin murphy
1062636,1062636,1062636,355486,463515,Tintarella Di Luna,Bob Azzam,0,Happily Buried,1939.0,,Id Rather Have You,bob wright+chet forrest+john hubbard
1063301,1063301,1063301,355748,568901,Still Desire You,Melanie Doane,2002,Out to Kill,2014.0,,You Dont Know How Hard,tom goss+liz deroche
1065502,1065502,1065502,356619,577061,It Wasn't That I Had To,Jim Lauderdale,2006,Pink Angels,1972.0,,Everything I Need ,errol sober
1072426,1072426,1072426,358694,78540,Don't Let Me Be The Last To Know,Britney Spears,1999,EastEnders,1985.0,(2001-01-29),Fill Me In,craig david
1080032,1080032,1080032,361657,504732,C'est La Vie (Maurice Joshua Album Vers),Kim English,0,Kvinnorna kring Larsson,1934.0,,La Source,lÌ©o delibes
1086373,1086373,1086373,363150,267221,Be My Girl (1991 Digital Remaster),The Lettermen,0,The Simpsons,1989.0,A Streetcar Named Marge (#4.2),I Thought My Life Would Be a Mardi Gras,jeff martin+julie kavner
1093229,1093229,1093229,365379,488726,Even Cowgirls Get The Blues,RODNEY CROWELL,1993,Jai faim!!!,2001.0,,Dawn Blues,david lindup
1100678,1100678,1100678,368020,389435,Don't You Worry,Cecil Grant,0,Checking In,2014.0,,Waiting Around For You,sandy stanton
1109983,1109983,1109983,371122,338734,Boy Scouts of America by John Philip Sousa,Dj Balli,0,Above the Rim,1994.0,,Stick Em Up,the beastie boys+adam horovitz  / adam yauch  / mike d   / dj hurricane
1114209,1114209,1114209,371896,291342,'T Is Nooit Te Laat,Rob De Nijs,1992,The Young and the Restless,1973.0,(#1.8328),Nadias Theme,barry de vorzon+perry botkin jr.
1114457,1114457,1114457,372009,626966,Drop It Like It's Hot (feat. Lil Wayne & Loco),Yung Berg feat. Lil Wayne & Loco,0,Springtime in the Rockies,1942.0,,I  Yi  Yi  Yi  Yi (I Like You Very Much),harry warren
1115457,1115457,1115457,372486,44198,Basic Thugonomics,John Cena,2004,Champs-ElysÌ©es,1982.0,(2012-03-10),All That Jazz,john kander+sofia essaÌødi
1119190,1119190,1119190,374317,87410,I Need You Now,Joni James,0,Fame,1982.0,Whos Afraid of the Big Bad Wolf? (#4.21),The Child in Me,james patrick dunne+valerie landsburg
1130536,1130536,1130536,377726,535275,Sometimes I Think You Know Me Better Than I Know Myself,Television Personalities,2003,Matilda,,,When I Grow Up (Reprise),tim minchin
1142708,1142708,1142708,382766,124327,Hey Ma,Cam'Ron / Juelz Santana / Freekey Zeekey / Toya,2003,Jessie,2011.0,Evil Times Two (#1.19),Hey Jessie,debby ryan
1151077,1151077,1151077,386438,580772,Full Moon Tonight,Zarabanda,0,Porkys Spring Planting,1938.0,,Bob White (Whatcha Gonna Swing Tonight?),bernard hanighen
1153926,1153926,1153926,387450,254155,Baganda / Dance of Life,Xcultures,2000,The Marty Stuart Show,2008.0,The Kentucky Headhunters  Lorrie Bennett and Pastor Evelyn Hubbard (#5.3),He Was a Friend of Mine,marty stuart+the fabulous superlatives
1157899,1157899,1157899,388562,143795,SÌ_ Se Vive Uma Vez (Emma),Wanessa,0,Lua Vermelha,2010.0,(#1.267),Ai se ele cai,xutos e pontapÌ©s
1161812,1161812,1161812,390236,443818,When The War Is Over,Long John Baldry,0,Four Weddings and a Funeral,1994.0,,Walking Back to Happiness,john schroeder    / mike hawker
1169012,1169012,1169012,391905,712909,You Oughta Know,The Killing Moon,2006,VerfÌ_hrung fÌ_r AnfÌ_nger,2005.0,,Just For You,lionel richie+paul barry+mark taylor
1179777,1179777,1179777,395543,193812,Do You Know What I'm Seeing? (Album Version),Panic At The Disco,2008,Red Band Society,2014.0,Pilot (#1.1),Stuck in the Middle With You,gerry rafferty+joe egan+stealers wheel
1184126,1184126,1184126,397137,327688,Gentleman Friend,The George Shearing Quintet with Nancy Wilson,0,1969,1988.0,,Goin up the Country,canned heat+alan wilson
1210110,1210110,1210110,403236,435566,Las gafas de Mike (Version maqueta),Quique Gonzalez,0,Fado Corrido,1964.0,,Estranha Forma de Vida,jorge brum do canto+amÌÁlia rodrigues
1210567,1210567,1210567,403387,215318,Last Night I Dreamed You Didn't Love Me,The Tragically Hip,2006,Smash,2012.0,Hell on Earth (#1.9),The Higher You Get  the Farther the Fall,marc shaiman+scott wittman+norbert leo butz+the cast of heaven on earth
1217070,1217070,1217070,404872,674741,Future Love,Frank McComb,2001,The Music Never Stopped,2011.0,,Mannequins In Love,marc ferrari+william joseph martin
1225544,1225544,1225544,407436,451284,He Ain't as Black as He's Painted,Billy Ocean,0,Ghost Dog: The Way of the Samurai,1999.0,,Armagideon Time,willie williams+coxsone dodd+arrangement with ocean park music group
1227060,1227060,1227060,407742,480913,Son Of Sam,Silver,0,Im Not There.,2007.0,,Sad-Eyed Lady of the Lowlands,bob dylan+arrangement with sony bmg music entertainment
1227807,1227807,1227807,407831,692650,Pledging My Love,Marvin Gaye / Diana Ross,0,The Year Dolly Parton Was My Mom,2011.0,,Love Is Like a Butterfly,dolly parton
1230077,1230077,1230077,408690,620954,I Go Crazy,The Yardbirds,0,Soft Drinks and Sweet Music,1934.0,,Do I Know What Im Doing?,sanford green+sylvia froos
1231585,1231585,1231585,409396,569420,You'll Lose A Precious Love,The Uniques,0,P.S. I Love You,1981.0,,P.S. I Love You,sharon cuneta
1233055,1233055,1233055,410030,683935,Me And My Black Metal Friends,Atom And His Package,1997,The Ship from Shanghai,1930.0,,You Were Meant For Me,nacio herb brown+conrad nagel  aboard the yacht
1239961,1239961,1239961,412273,239905,Did You Ever See A Dream Walking?,Bing Crosby,1992,The Bold and the Beautiful,1987.0,(#1.5132),Fading Into You,constantine maroulis
1244478,1244478,1244478,413548,320657,Because Of You,Heatbeat,0,Wonders of the Universe,2011.0,Destiny (#1.1),Wonders of the Universe,sheridan tongue
1254584,1254584,1254584,416297,89512,Not Like You Do (Album Version),Norman Brown,0,Fish Hooks,2010.0,All Fins On Deck/Cattlefish  Ho! (#2.24),I Like You,jody whitesides+robert navarro
1254748,1254748,1254748,416297,262406,Not Like You Do (Album Version),Norman Brown,0,The Puzzle Place,1994.0,Rudy One (#1.6),You Cant Say That,richard schotter+stephen horelick+alice dinnean+noel macneal+peter linz+jim martin+alison mork+carmen osbahr+drew massey
1255925,1255925,1255925,417059,319647,Wise Up Sucker,Pop Will Eat Itself,2009,Wimbledon,1937.0,2014: Day 2  Part 2 (#72.4),Spice Up Your Life,spice girls+richard stannard+matt rowe
1256962,1256962,1256962,417609,541376,The Foot Of The Cross,Beloved,0,Mind Games,1989.0,,The Writing of the Wall,david campbell+raven kane+mary apick
1262932,1262932,1262932,419466,477748,I Got Ants In My Pants_ Part 1,James Brown,0,Hunting for Herschell,2003.0,,Suite Hunting,j. michael james
1270143,1270143,1270143,421559,70124,I Got A Line On You,The Jeff Healey Band,1995,Die Harald Schmidt Show,2011.0,(#1.25),If I Had a Gun... (Live),noel gallagher+noel gallaghers high flying birds
1276243,1276243,1276243,422688,397787,Little Did I Know,Zoegirl,2000,Consenting Adults,1992.0,,I Wanna Piece Of The Party,
1282561,1282561,1282561,425256,135756,I'll Get By (As Long As I Have You),Harry James And His Orchestra,2006,Late Show with David Letterman,1993.0,(#19.4),What the World Needs Now Is Love,burt bacharach+the cbs orchestra
1340970,1340970,1340970,445363,466968,(I'm Gonna Live Some) Before I Die,Faron Young,0,Heaven Help Us,1985.0,,I Cant Help Myself,lamont dozier+brian holland+eddie holland+the four tops
1346746,1346746,1346746,447716,501069,Gaspard de la Nuit: II. Le Gibet,Maurice Ravel,1989,Killing Zoe,1993.0,,La Chansonnette,philippe-gÌ©rard
1351830,1351830,1351830,449449,539803,Cool way of living,Nasty Idols,0,Michael,1996.0,,Sittin By the Side of the Road,teresa james+terry wilson+andie macdowell
1356934,1356934,1356934,450276,90568,Hate That I Love You,Rihanna / David Bisbal,2007,Forever,2014.0,The Art of Murder (#1.4),My One and Only Love,guy wood+robert mellin+ella fitzgerald
1358522,1358522,1358522,450939,615256,Impregnated Tidbits of Dope Hits,Speech,0,Silver Dollar,1932.0,,Columbia  the Gem of the Ocean,david t. shaw
1363308,1363308,1363308,452129,237375,New Game,Wakefield,2005,The Beatles Anthology,1995.0,,Whats the New Mary Jane,john lennon+paul mccartney+the beatles
1364189,1364189,1364189,452444,390591,Positions of Strength,Heiruspecs,0,Children on Their Birthdays,2002.0,,Dear Mother of Mine,j.d. hinton+ross vannelli+ritch brinkley+john judd+paul quaintance+joe van slyke
1365060,1365060,1365060,452711,281879,Jon Anderson Solo - Time And A Word / Owner Of A Lonely Heart / Teakbois,Anderson Bruford Wakeman Howe,0,The Vampire Diaries,2009.0,We All Go a Little Mad Sometimes (#4.6),The Thread of the Thing,fay wolf
1370953,1370953,1370953,454798,248480,She Sang a Song of Norway,Volcano the Bear,2000,The Hollywood Squares,1965.0,(#2.46),The Silly Song (Were THE HOLLYWOOD SQUARES),james jimmie haskell
1380292,1380292,1380292,457774,270082,I Am The Mercury,Jimmie Spheeris,0,The Sopranos,1999.0,Pilot (#1.1),No More I Love Yous,david freeman+joseph hughes+annie lennox
1384705,1384705,1384705,459416,57877,Don't Say You Love Me (2009 Digital Remaster),Erasure,0,Dancing with the Stars,2004.0,2009 Semi-Final (#9.9),Bring Me To Life,amy lee+david hodges+ben moody
1390065,1390065,1390065,460912,398404,Inn I Slottet Fra Droemmen,Burzum,1994,Cop Land,1997.0,,I Cant Quit,robert cray+the robert cray band+arrangement with polygram film+tv licensing
1395223,1395223,1395223,462378,278881,Drive Me Crazy,Zebra,1984,The Tonight Show with Jay Leno,1992.0,(#20.74),Kiss Me Slowly,will anderson+dave haywood+charles kelley+parachute
1410808,1410808,1410808,469009,47592,Amazing Grace / Sweet Rivers of Redeeming Love (medley),The Ritchie Family,0,Cold Case,2003.0,Offender (#4.19),Bizarre Love Triangle,new order
1412003,1412003,1412003,469785,480913,Persistence of Memory,Afro Celt Sound System,2001,Im Not There.,2007.0,,Sad-Eyed Lady of the Lowlands,bob dylan+arrangement with sony bmg music entertainment
1418687,1418687,1418687,471580,373116,Medley: Papa's Got A Brand New Bag / I Got You (I Feel Good) / I Got The Feelin',James Brown / The J.B.'s,0,Bomber,2009.0,,Feel Good About It,erik sunbring+jacob lind+marching band
1424127,1424127,1424127,472890,663595,I Wanna Be Your Man,Young Deenay,1998,The Grey Hounded Hare,1949.0,,I Go For You,m.k. jerome+kim gannon
1426631,1426631,1426631,473511,171851,Your Best Hits,The Big Screen,2005,One Hit Wonderland,2012.0,Party All the Time by Eddie Murphy (#2.1),Boogie in Your Butt,eddie murphy+david wolfert
1433034,1433034,1433034,474827,732788,Beautiful Life,The Studio Sound Ensemble,0,Zorro Rides Again,1937.0,,A BEAUTIFUL SHADE OF BLUE,walter hirsch+lou handman
1438797,1438797,1438797,476881,492630,House of 1000 Corpses (Bonus Track),Zombie Girl,0,Jobs,2013.0,,House Of The Rising Sun,the brymers
1450596,1450596,1450596,480562,727560,Deeper Shade of Blue,Walter Trout,0,Wrong Side of Town,2010.0,,The Wrong Side of Town (Main Titles),dhana taprogge+greg allen+taxi doll
1451799,1451799,1451799,481092,223750,I Believe,Wes King,1998,Spotlight,1968.0,(1976-02-29),I Believe in Music,dunja rajter+les humphries+gottfried bÌ¦ttger
1457733,1457733,1457733,483387,138924,Be Of Good Heart,Sunscreem,1996,Limitless,2015.0,Close Encounters (#1.17),At The Heart of it All,nine inch nails
1462874,1462874,1462874,485017,220208,I Will Follow Him,Sandy Posey,1988,Soul Train,1971.0,Freddie Jackson/Mikki Howard/Da Youngstas (#22.5),Can I Touch You,kiyamma griffin+vincent herbert+freddie jackson
1482200,1482200,1482200,491405,333539,Make It Happen,John Waite,1982,A Hard Days Night,1964.0,,I Should Have Known Better,john lennon+usually credited to john lennon+paul mccartney+the beatles
1491046,1491046,1491046,494552,367552,Last Night I Dreamt That Somebody Loved Me,Wormwood,0,Big Top Pee-wee,1988.0,,Arthur Murray Taught Me Dancing In A Hurry,victor schertzinger+johnny mercer+betty hutton   with jimmy dorsey+his orchestra
1497932,1497932,1497932,496059,117461,My Sweet Lord (LP Version),Billy Preston,0,Idol,2004.0,Kvalprogram 1 (#1.2),For Once in My Life,ronald miller+orlando murden+nina svensson
1513081,1513081,1513081,500455,726323,You're Nobody Till Somebody Loves You,Steve Lawrence,0,Wolf Girl,2001.0,,Thats You Baby,con conrad+archie gottler+sidney d. mitchell+annette hanshaw
1516196,1516196,1516196,501203,419739,Fin_ fin_ fin (You Ain't Nothing But Fine_ Fine_ Fine),Wizex,0,Dorfman,2011.0,,How Are You Doing?,eleni mandell+inara george+becky stark+the living sisters
1521509,1521509,1521509,503537,379736,The Pilgram (Chapter 33),Paul Burch,0,Bugsy Malone,1976.0,,Ordinary Fool,paul williams
1527032,1527032,1527032,505396,25892,The Facts Of Love,Jaki Graham,1994,Being Erica,2009.0,Under My Thumb (#2.8),All of Us,lily frost
1538324,1538324,1538324,508366,166133,You Can Leave Your Hat On,Ty Herndon,1999,New Girl,2011.0,The Story of the 50 (#1.10),You Make Me Feel,ina wroldsen+steve mac+cobra starship+sabi portlock
1545930,1545930,1545930,510521,479941,He Don't Have the Blues Anymore,Maria Muldaur,1999,I Walk Alone,1948.0,,Dont Call It Love,allie wrubel+lizabeth scott   )
1546057,1546057,1546057,510593,78412,Carnival of the Animals: VII. Aquarium,Barry Wordsworth_ London Symphony Orchestra (LSO)_ Camille Saint-SaÌÇns,0,EastEnders,1985.0,(2000-08-29),If I Could Turn Back the Hands of Time,r. kelly
1546311,1546311,1546311,510593,322402,Carnival of the Animals: VII. Aquarium,Barry Wordsworth_ London Symphony Orchestra (LSO)_ Camille Saint-SaÌÇns,0,You Bet Your Life,1950.0,(#2.30),Blue Skies,irving berlin+television orchestra under the leadership of buddy collette
1548650,1548650,1548650,511130,599923,Shapes Of Things - Original,The Yardbirds,0,Rude,1995.0,,Sink Into the Frame of the Portrait,the dream warriors
1550746,1550746,1550746,511748,82076,I Wish You Love,Gloria Lynne,1997,Empire,2015.0,Die But Once (#1.11),What is Love,veronika bozeman
1556763,1556763,1556763,513026,561800,Falling In Love Again,Marlene Dietrich,1990,O kalyteros mou filos,2001.0,,Love You,xaxakes
1559852,1559852,1559852,514260,663254,Jam In G Minor - Live,Santana,0,The Great Race,1965.0,,Toccata and Fugue in D Minor,johann sebastian bach
1560043,1560043,1560043,514269,226175,I Will Love Again,Kelly Llorenna,2007,Stars in Their Eyes,1990.0,(#8.6),This Aint a Love Song,jon bon jovi+richie sambora+desmond child+david burrows
1585516,1585516,1585516,523756,115495,I Discover Love,Fad Gadget,1983,I Love Lucy,1951.0,Lucy Changes Her Mind (#2.21),Theme From I Love Lucy (Instrumental),eliot daniel+wilbur hatch+the desi arnaz orchestra
1599004,1599004,1599004,527775,132197,La Tragedia Di Un Uomo Ridicolo,Ennio Morricone,1987,La Malquerida,2014.0,Ulises y Acacia se reencuentran (#1.68),La Malquerida,pablo preciado+romÌÁn torres cuevas+alejandro pÌ©rez gonzÌÁlez+cristiÌÁn castro+jesÌ¼s navarro+melissa robles
1606273,1606273,1606273,530577,292215,DÌ©gats D'IdÌ©e,Les BlÌ©rots De R.A.V.E.L,0,The Young and the Restless,1973.0,(#1.9145),Nadias Theme,barry de vorzon+perry botkin jr.
1607632,1607632,1607632,530882,301608,Can You Feel Me?,Will Smith Featuring EVE,1999,Top of the Pops,1964.0,(1981-05-07),Keep on Loving You,reo speedwagon
1610410,1610410,1610410,531305,11947,You Got To Let The Music (Vs.Capella) (South Foundation Remix),Tyro Vs Capella - Capella,0,American Idol: The Search for a Superstar,2002.0,The Final Decision... But the Right One? (#3.12),What You Wont Do for Love,bobby caldwell+alfons kettner+matthew rogers
1634371,1634371,1634371,539748,531815,Over The River And Through The Woods,Goofy,2008,Mamas New Hat,1939.0,,Sobre las Olas (Over the Waves),juventino rosas
1634670,1634670,1634670,539812,701391,Din bÌ_ste vÌ_n,John  Holm,1997,Traffic Signal,2007.0,,Na Jis Din Teri Meri (fast),shamir tandon+kunal ganjawala+yogita pathak
1641102,1641102,1641102,542182,127893,No Bootleg DVDs,OutKast,2006,Keen Eddie,2003.0,The Amazing Larry Dunn (#1.6),No Transmission,lhb
1641446,1641446,1641446,542356,714161,Le Roi s'amuse: Incidental Music - Ballet Music: II.      Pavane,Sir Thomas Beecham/Royal Philharmonic Orchestra,0,Violette & FranÌ¤ois,1977.0,,Monsieur Le Maire,philippe sarde+hubert rostaing  et son sextette rythmique
1645529,1645529,1645529,543597,227140,Take Me Home,Phil Coulter,1994,Strictly Come Dancing,2004.0,Week 2 (#12.4),I Wanna Dance with Somebody (Who Loves Me),george merrill+shannon rubicam+whitney houston
1649193,1649193,1649193,544315,468374,Memories Of Tomorrow,Suicidal Tendencies,1983,Helter Skelter,1949.0,,Without a Shadow of a Doubt,ord hamilton
1649969,1649969,1649969,544753,26831,Tu e il mare,I Teppisti dei Sogni,0,Belmonte,2013.0,(#1.169),E Agora Tu Vais (Vais Deixar a Minha Vida),tony carreira
1653387,1653387,1653387,546038,678319,Turn It Around In Your Mind,Jerry Reed,1970,The Philly Kid,2012.0,,Your Love Is Convenient,ian honeyman+mark bates+daniel rojas
1660299,1660299,1660299,548704,400330,The Last Wall of the Castle,Jefferson Airplane,1967,Creating a Fairy Tale World: The Making of Shrek,2001.0,,BEST YEARS OF OUR LIVES,david jaymes+geoffrey deane+baha me
1673837,1673837,1673837,552463,482096,East of the Stars,Lorna,0,If I Stay,2014.0,,The Swan from The Carnival of the Animals,camille saint-saÌÇns
1677697,1677697,1677697,552971,82634,Im Not a Juvenile Delinquent,Frankie Lymon,0,Engaged & Underage,2007.0,Bre & Josh (#1.4),Why Not Now,michÌ¬le vice-maslin dorian cheah alissa moreno+alissa moreno
1682888,1682888,1682888,555439,547140,Plain In Love (from Grab Me A Gondola),The Original London Cast,0,Mr. and Mrs. Loving,1996.0,,The Blues That Was Waiting For Me,tony zamagni+arrangement with rounder records
1685389,1685389,1685389,555969,312220,A che ora Ì¬ la fine del mondo? (It's the end of the world as we know it (and I feel fine)),Ligabue,1994,VentdelplÌÊ,2005.0,(#7.22),La cobla de la Marcela,francesc pellicer+juliana sampedro
1690238,1690238,1690238,557082,724125,I Want To Be Like You [Live At Isle Of Wight Festival],Paolo Nutini,2006,Wie kÌ_sst man einen MillionÌ_r?,2007.0,,Wherever You Will Go,alex band+aaron kamin+the calling
1691652,1691652,1691652,557914,555143,Some Things I Know,Vince Gill / Lee Ann Womack,0,New Day,2009.0,,How Did I Get By Without You?,john waite
1716839,1716839,1716839,565881,712725,No Anesthetic for Love,The Nat King Cole Trio,0,Vendetta,1986.0,,Love Slave,the screaming sirens
1722629,1722629,1722629,567685,363013,I'm Not Gone,Cloud Cult,2003,Bedazzled,2000.0,,Two-Beat or Not Two-Beat,curt sobel+gary schreiner
1728961,1728961,1728961,569461,178377,Right Arm For Your Love,Z.Z. Hill,1982,Parenthood,2010.0,We Made It Through the Night (#6.12),Love Like This,ry x
1733277,1733277,1733277,570318,29718,Fly Me To The Moon (LP Version),LaVern Baker,0,Best Week Ever,2013.0,(#1.11),Start Me Up,august wisbon+dj roc
1733503,1733503,1733503,570318,467215,Fly Me To The Moon (LP Version),LaVern Baker,0,Heavy Petting,1989.0,,Do You Love Me?,berry gordy+the contours
1737020,1737020,1737020,571199,541635,Method Of Modern Love,Saint Etienne,0,Ministry: Tapes of Wrath,2000.0,,The Land of Rape & Honey (Live),ministry
1737126,1737126,1737126,571199,643845,Method Of Modern Love,Saint Etienne,0,The 31st Annual Tony Awards,1977.0,,I Love My Wife,cy coleman+lenny baker
1741312,1741312,1741312,573040,722318,I Believe My Time Ain't Long,Peter Green Splinter Group,2001,Where We Started,2013.0,,My Disgrace,keeley filgo
1770957,1770957,1770957,583499,504003,Take A Piece Of My Heart,Lulu,0,Kristins Christmas Past,2013.0,,Jesus  Joy of Mans Desiring,johann sebastian bach
1775860,1775860,1775860,584701,320394,Since I Met You Baby,Millie / Jackie Edwards,0,Wolfblood,2012.0,With Friends Like These (#3.3),A Promise That I Keep,andy price+lisa knapp
1784648,1784648,1784648,588062,716839,Children Of The Revolution (LP Version),Violent Femmes,0,Walk the Line,2005.0,,Ring of Fire,june carter cash+merle kilgore+joaquin phoenix+reese witherspoon
1792417,1792417,1792417,590351,464323,Bottle of Rum,Warsaw Poland Bros.,0,Hard to Hold,1984.0,,Heart Of A Woman,nona hendryx
1799151,1799151,1799151,593445,577061,Lord_ I Want To Die Easy,Josh White,0,Pink Angels,1972.0,,Everything I Need ,errol sober
1799983,1799983,1799983,593682,80081,Ich grÌ_ÌÙe alle und den Rest der Welt,VivaVoce - A Cappella Boyband,2006,Ein SchloÌÙ am WÌ¦rthersee,1990.0,Heimkehr zum WÌ¦rthersee (#3.3),Meer der Liebe,walter widemair+tommy steiner
1811229,1811229,1811229,596639,393972,Tell Me What You're Feeling featuring Domu Vocal Mix,Nathan Haines,2007,Close Encounters of the Third Kind,1977.0,,More Than a Feeling,tom scholz+boston
1815469,1815469,1815469,598436,691064,Naked With You,Turbo Fruits,2009,The Who Live in Texas 75,2012.0,,Naked Eye,pete townshend
1816412,1816412,1816412,599151,513972,The Stars In His Head / Bernard 33 - Dark Lights (Colin Stetson Remix),Bell Orchestre,2009,Le roi de coeur,1966.0,,La Marche Du Sacre,georges delerue  et son orchestre
1819326,1819326,1819326,599708,404041,Blood from a Stone,The Heart Throbs,1990,Dampfnudelblues,2013.0,,If You Want Blood (Youve Got It),angus young+malcolm young+bon scott+ac/dc
1832458,1832458,1832458,604524,368821,Nobody Calls Me Chicken,I Am The Ocean,0,Bittersweet,2008.0,,Take Me to the Sun,gonzalo silva
1837402,1837402,1837402,606384,658665,Population Dead,David Newman,2005,The Exorcist,1973.0,,Study No. 1,david borden
1845692,1845692,1845692,609078,234548,At The End Of A Slow Dance,Van Hunt,0,Texaco Star Theatre Starring Milton Berle,1948.0,(#1.40),We Are The Men of Texaco,buddy arnold+heywood kling
1874787,1874787,1874787,617714,21643,Any Place I Hang My Hat is Home - On the Atchison_ Topeka and The Santa Fe - Jeepers Creepers - Glow Worm - Lazybones - I'm an Old Cowhand - Come Rain or Come Shine - Blues in the Night (The Travel Medley),Lee Lessack,0,Ballers,2015.0,Flamingos (#1.10),If I Ruled the World,nas+jean claude olivier+kurtis walker blow+samuel barnes+lauryn hill
1875040,1875040,1875040,617714,202059,Any Place I Hang My Hat is Home - On the Atchison_ Topeka and The Santa Fe - Jeepers Creepers - Glow Worm - Lazybones - I'm an Old Cowhand - Come Rain or Come Shine - Blues in the Night (The Travel Medley),Lee Lessack,0,Saturday Night Live,1975.0,Jack Black/John Mayer (#29.1),Bigger Than My Body,john mayer
1877425,1877425,1877425,618338,287637,Country Music In My Soul,George Hamilton IV & Sylvie,0,The X Factor,2004.0,Live Results Show 2 (#1.12),Wind Beneath My Wings,verity keays
1887615,1887615,1887615,621514,412549,Make Love Whenever You Can,Arabesque,0,Detroit Rock City,1999.0,,I Stole Your Love,paul stanley+kiss
1899887,1899887,1899887,625371,264026,Only End Up Lonely,Ignacio PeÌ±a,0,The Ren & Stimpy Show,1991.0,I Love Chicken/Powdered Toast Man vs. Waffle Woman (#4.6),Very End,sam fonteyn
1903346,1903346,1903346,626502,258382,Blue Monday,Z. Z. Hill,1995,The O.C.,2003.0,The Brothers Grim (#2.17),Beat Up Blue (Lucid Version),justin catalino
1913349,1913349,1913349,629344,251143,(Up To My Neck In) High Muddy Water (Album Version) (Feat. Linda Ronstadt),The Stone Poneys Featuring Linda Ronstadt,0,The L Word,2004.0,Left Hand of the Goddess (#3.12),Water Music,george frideric handel
1916878,1916878,1916878,630359,508786,Meet Me Half Way,Kenny Loggins,1987,La permission de minuit,2011.0,,Let Me Know:,benedicte pardijon+bless
1922570,1922570,1922570,632214,383469,My Violent Heart,Nine Inch Nails,2007,Campfire Stories,2001.0,,Welcome to My Hell,manic cirkus
1928509,1928509,1928509,633844,397182,Lord of the Pants (T Cisco Remix),Romanowski,0,Concierto homenaje a las vÌ_ctimas del terrorismo,2007.0,,A Walk in the Garden of Paradise,frederick delius
1929288,1929288,1929288,633964,357383,Take Me Home Country Roads,John Denver,1978,Back to Gaya,2004.0,,Teach The World to Love,john cacavas /bonnie cacavas+the john cacavas orchestra
1937794,1937794,1937794,636300,133722,I Know You're Gonna Break My Heart,Wild Strawberries,2000,Laguna Beach: The Real Orange County,2004.0,18 Candles (#1.4),Why Cant I,
1941353,1941353,1941353,636983,109109,Sleep Late_ My Lady Friend,Harry Nilsson,0,Het Klokhuis,1988.0,Databeveiliging,Buurtpreventie,harry bannink+edwin rutten
1944012,1944012,1944012,637852,238088,My Laboratory (Is Ready For You),The Love Unlimited Orchestra,0,The Big Bang Theory,2007.0,The Celebration Experimentation (#9.17),Happy Birthday to You,patty s. hill+mildred j. hill
1947671,1947671,1947671,638828,463515,When You Were Shouting At The Devil... We Were In League With Satan (997783-2),Zimmers Hole,2008,Happily Buried,1939.0,,Id Rather Have You,bob wright+chet forrest+john hubbard
1956989,1956989,1956989,640614,147400,What If I Don't Make It,Max Minelli,0,MahÌ« tsukai tai!,1999.0,,I Wanna No More,
1967901,1967901,1967901,642957,553415,Theme From Monty Python's Flying Circus,TV Sounds Unlimited,0,Natural Selection,1999.0,,White Hills Theme,les brooks+sean eason+my young
1980520,1980520,1980520,646482,226254,Poison Kiss,X-Perience,2006,Stars in Their Eyes,1990.0,1998 Celebrity Special,The Shoop Shoop Song (Its In His Kiss),rudy clark+carol vorderman
1980800,1980800,1980800,646594,732570,Way back home,Jaded Heart,0,Zombieland,2009.0,,Hard to Come Back,yann chÌ©hu+julien richer+dan voisin+joel daventry+success
1995789,1995789,1995789,651540,129554,The James Bond Theme,Neil Norman And His Cosmic Orchestra,0,Kittens in a Cage,2015.0,Nobody Keeps Me in a Hamster Cage (#1.6),KITTENS IN A CAGE THEME SONG,ty taylor+jillian armenante+vintage trouble
2006300,2006300,2006300,654391,111962,Love's Been A Little Bit Hard On Me,Juice Newton,1982,Hollywood a Go Go,1964.0,(#1.39),Never  Never Leave Me,mickey gentile+jennie lee lambert+mary wells
2006347,2006347,2006347,654391,201199,Love's Been A Little Bit Hard On Me,Juice Newton,1982,Satisfaction,2014.0,...Through Self Discovery (#1.4),Come With Me Now,kongos
2007741,2007741,2007741,655088,346730,Medley: So Easy To Love You/Friend Of God,ISRAEL & NEW BREED,0,American Idiot,,,Jesus of Suburbia,green day
2012991,2012991,2012991,656985,297923,Waiting For My Plane,Laurent Garnier,2005,Tohuwabohu,1990.0,Zweiundzwanzig (#5.2),Raising My Family,mally watson+tom vuma+steve kekana
2014561,2014561,2014561,657114,285809,Darby Ram (Ram of Darby) / Dance to Your Daddy / Go Tell Aunt Rhody / Five Ten/ London Bridge / Skip to My Lou (medley),The Ritchie Family,0,The X Factor Philippines,2012.0,Top 7 Performance Night (#1.23),Eye of the Tiger,frankie sullivan+jim peterik
2022874,2022874,2022874,659539,397787,I Walk The Line,Travis Tritt,2002,Consenting Adults,1992.0,,I Wanna Piece Of The Party,
2028410,2028410,2028410,661829,236904,Tell Your Heart I Love You,Stevie Wonder,2005,The Backyardigans,2004.0,Riding the Range (#1.7),Texas  Here I Come,the backyardigans
2036808,2036808,2036808,664725,293370,Cashflow,Chris de Luca & Peabird,2002,The Young and the Restless,1973.0,Sofia Reveals a Secret to Malcolm (#1.9632),Nadias Theme,barry de vorzon+perry botkin jr.
2055342,2055342,2055342,669517,249288,Broadcast Closing - Theme (I'm Gettin' Sentimental Over You),Tommy Dorsey & His Orchestra,0,The Interior,2007.0,,The Gold You Seek,mike ator+edwin wendler+alluvial soil
2059958,2059958,2059958,670337,531666,Take Me Away,True Faith Feat. Bridgett Grace With Final Cut,2001,Malikmata,2003.0,,Dont Make Me Go Away,mike luis
2068681,2068681,2068681,672644,483077,Who's That Lady,Peter White,0,Im weiÌÙen RÌ¦ÌÙl,1960.0,,Was kann der Sigismund dafÌ_r  dass er so schÌ¦n ist,peter alexander
2072673,2072673,2072673,673568,677773,Nessun dorma!,Russell Watson / The Metro Voices / Chamber Choir Of St. Catherine's_ Bramley_ Guildford / Royal Philharmonic Orchestra / William Hayward,2000,The Penthouse,1967.0,,No One Will Ever Know,johnny hawksworth+the johnny hawksworth orchestra
2073116,2073116,2073116,673629,248224,Just A Song,The Ordinary Boys,2004,The Hollywood Squares,1965.0,(#1.53),The Silly Song (Were THE HOLLYWOOD SQUARES),
2073691,2073691,2073691,674182,458252,Hey Angel,Michael Stanley Band,0,Grandpas Magical Toys,1988.0,,Long-Legged Sailor,jeff ekdahl+sharene mackall+kevin hageman+daniel strauch+joel morello+steven michael long
2076561,2076561,2076561,675397,481458,It Ain't No Crime,Joe Nichols,2007,Ice Princess,2005.0,,There Is No Alternative,tina sugandh+greg kurstin
2094499,2094499,2094499,680800,595363,Welcome to New York,William Goldstein,0,Rise Up: Canadian Pop Music in the 1980s,2009.0,,New Orleans is Sinking,the tragically hip
2105917,2105917,2105917,684235,625677,Tra La La,Tommy Ridgley,0,Spectre,2015.0,,Libiamo Nelieti Calici [La Traviata/Act 1],giuseppe verdi+luciano pavarotti+joan sutherland+the london opera chorus+national philharmonic orchestra+richard bonynge
2119452,2119452,2119452,687132,418043,That's Why I'm Lonesome,Arthur Big Boy Crudup,0,Dolemite,1975.0,,Mayors Get-Away,rudy ray moore+arranged by arthur wright+the soul rebellion orchestra conducted by rudy ray moore
2122172,2122172,2122172,688041,650315,The Worst Minutes of My Life,Widescreen Mode,2009,The Body Electric,1985.0,,Fountain of Lamneth: Didacts and Narpets,rush
2125316,2125316,2125316,688654,404424,State of Grace,20/20,0,Dance of Love,1974.0,,Last Wall of the Castle,jefferson airplane
2129049,2129049,2129049,690229,63642,Dark Eyes / It Happened In Monterey (Medley) (1996 Digital Remaster),The Mallet Men,0,Degrassi: The Next Generation,2001.0,Drop It Like Its Hot: Part 1 (#11.22),All Eyes,matthew reynolds+imagine dragons
2132404,2132404,2132404,691021,64427,Sur la route du presbytÌ¬re,Tricot Machine,2008,Degrassi: The Next Generation,2001.0,Scream: Part 2 (#12.20),Shake It Out,florence welch+thomas hull+paul epworth+florence+the machine
2140795,2140795,2140795,692914,462018,Somebody Stole My Gal,Reginald Dixon,0,Hair I Go Again,2016.0,,My Bad,ron keel
2150891,2150891,2150891,696432,451963,Memories of Times Square (The Dildo Song),The Neal Pollack Invasion,2003,Ginger Meggs,1982.0,,Tonys Song,john stuart+andrew campbell+peter foerster
2155786,2155786,2155786,698232,372808,Light Of A Clear Blue Morning,Dolly Parton,1977,Body and Soul,1947.0,,Am I Blue?,harry akst+grant clarke+hazel brooks
2161829,2161829,2161829,700904,509502,La Boulette (GÌ©nÌ©ration Nan Nan),Diam's,2006,La vida es maravillosa,1956.0,,Todo lo puede la vida,manuel l. quiroga+ramÌ_n cobiÌÁn
2165584,2165584,2165584,701961,344006,I'm Going To Live The Life I Sing About In My Song (LP Version),Marion Williams,0,All Tied Up,1993.0,,LIVE ON AND SING THE BLUES,byther smith
2172111,2172111,2172111,703648,63099,Reggae Music,Mad Professor,1997,Death in Paradise,2011.0,(#1.4),Reggae Merengue,tommy mccook+the supersonics
2175223,2175223,2175223,704996,339180,I Don't Mind,ZO2,2007,Aces: Iron Eagle III,1992.0,,I NEED YOU,the 49ers+pieradis rossini+gianfranco bortolotti+diego leoni+domenico gallotti+ivan gechelle
2177950,2177950,2177950,706145,260001,Concert Announcements_ from Paul in Melbourne,The Beatles,0,The Paul Behragam Talk Show,2014.0,Pilot (#1.1),Sick Paul in Plaid Theme,paul stompbox
2178167,2178167,2178167,706273,127949,(Baby I've Got You) On My Mind,Natalie Gauci,2007,Keeping Up with the Kardashians,2007.0,Everybodys Wigging Out (#7.3),Goodbye Baby,edgard jaude+audrey martells
2179314,2179314,2179314,706587,494984,If You Say So,Donnie Fritts,0,Julie Johnson,2001.0,,Are You Living,fuzzy
2189212,2189212,2189212,710033,477748,Big C Blues,Michael Bloomfield,0,Hunting for Herschell,2003.0,,Suite Hunting,j. michael james
2194913,2194913,2194913,710978,81480,Through the Eyes of the Raven,The Kovenant,1997,Ellen: The Ellen DeGeneres Show,2003.0,(2004-05-20),Light of a Clear Blue Morning,dolly parton
2199416,2199416,2199416,712177,238399,Two Sitting Ducks (Album Version),Danielson,2006,The Big Bang Theory,2007.0,The Perspiration Implementation (#9.5),History of Everything (Instrumental version),barenaked ladies
2201863,2201863,2201863,712452,548099,Sugar We're Goin Down (Simlish Tribute to Fall Out Boy),The Musical Tribute to the Sims,0,Murder Most Likely,1999.0,,Out of the Darkness,earl johnson+buzz shearman+david moxness
2209860,2209860,2209860,715427,372504,A Consistent Ethic Of Human Life,Derek Webb,2005,Bob Saget: Thats What Im Talkin About,2013.0,,Butt Plug Made of Leather,bob saget
2210305,2210305,2210305,715450,191416,Jump (For My Love),Young Divas,2008,Rage,1987.0,Frenzal Rhomb Redux,Whole Lotta Love,jimmy page+robert plant+john paul jones+john bonham+led zeppelin
2237796,2237796,2237796,724487,516108,Making Love (Into The Night),Usher,2010,Les gars de la Une,1988.0,,I Surrender (To The Spirit Of The Night),samantha fox
2238071,2238071,2238071,724539,462541,Born With A Broken Heart (Album Version),Kenny Wayne Shepherd Band,1995,Hallows End,2003.0,,Whoa Hoo Yeah,john evans+john evans band
2245515,2245515,2245515,727012,156340,Mellow Sounds of the Radio Era (The White Cliffs of Dover; I'll Never Smile Again; I'll Be Seeing You),US Coast Guard Band,0,MisteRogers Neighborhood,1968.0,1582: Alike and Different (#18.2),Lets Think of Something to Do While Were Waiting,fred rogers
2245637,2245637,2245637,727012,239905,Mellow Sounds of the Radio Era (The White Cliffs of Dover; I'll Never Smile Again; I'll Be Seeing You),US Coast Guard Band,0,The Bold and the Beautiful,1987.0,(#1.5132),Fading Into You,constantine maroulis
2247618,2247618,2247618,727448,477549,Beethoven : String Quartet No.12 in E flat major Op.127 : I Maestoso - Allegro,Vermeer Quartet,0,Humphs Last Stand,2008.0,,I Got Rhythm,george gershwin+humphrey lyttelton+ted beament+jo fooks+jimmy hastings
2276891,2276891,2276891,737898,308611,Your Love Takes Good Care Of Me,The Jordanaires,0,Ugly Betty,2006.0,Secretaries Day (#1.21),Eye of the Tiger,frankie sullivan+jim peterik+survivor
2291467,2291467,2291467,743435,433822,You Can't Hold Me Down (Us3 Bossa Remix),Us3,2001,Everyone Says I Love You,1996.0,,Enjoy Yourself (Its Later Than You Think),herb magidson+carl sigman+patrick cranshaw+the helen miles singers+dick hyman+the new york studio players
2291897,2291897,2291897,743628,215147,Baby Come Back,Worlds Apart,0,Smallville,2001.0,Rogue (#1.9),Not Looking Back,driver
2294923,2294923,2294923,744972,349772,I Still Believe In You,Warren Hill Featuring Mitch Malloy,1993,Angelas Ashes,1999.0,,I Cant Give You Anything But Love,dorothy fields+jimmy mchugh+billie holiday
2320319,2320319,2320319,751707,97361,Transition Theme For Minor Blues Or Little Malcolm Loves His Dad,Sonny Rollins,1966,Girls,2012.0,Incidentals (#3.8),Blues Mr. Brim,ben webster
2321618,2321618,2321618,752152,149948,Fool (If You Think It's Over),Chris Rea,1978,Match of the Day: Euro 2016,2016.0,Germany vs. Ukraine (#1.8),Nobody Really Cares If You Go to the Party,courtney barnett
2327759,2327759,2327759,754379,104922,Out Of The Blue,Wreckless Eric,2001,H2O: Just Add Water,2006.0,,Somebody Out There,kate alexa
2327964,2327964,2327964,754379,370013,Out Of The Blue,Wreckless Eric,2001,Blast from the Past,1999.0,,Its the End of the World As We Know It,michael stipe+peter buck+mike mills+r.e.m.
2329212,2329212,2329212,754618,722835,Preisner : Requiem for my Friend : Life - II Discovering the World,Zbigniew Preisner,0,Whiskey Tango Foxtrot,2016.0,,My Maria,daniel joseph moore+louis c. stevenson+brooks+dunn  (as brooks+dunn)+arrangement with sony music licensing
2330980,2330980,2330980,754919,322982,Set On You,Raz Ohara & The Odd Orchestra,2007,Your Song,2006.0,You Win the Game (#1.7),You Win the Game,mark bautista
2331474,2331474,2331474,755009,254422,City Of Night,The Jazz Butcher,1987,The Match Game,1962.0,(#1.66),A Swingin Safari (The Theme of The Match Game),bert kaempfert
2339187,2339187,2339187,757712,285509,They've Got A Place For People Like Me,The Paynes,0,The Wonder Years,1988.0,Scenes from a Wedding (#6.3),Fly Me to the Moon,bart howard+frank sinatra
2367323,2367323,2367323,766198,679936,I Will Find You,Clannad,1992,The Public Eye,1992.0,,You Cant Say No to a Soldier,harry warren+sammy kaye+his orchestra
2388655,2388655,2388655,772856,215844,La Tarde Es Caramelo,Vicente Amigo,0,So You Think You Can Dance Canada,2008.0,Top 12 Performance (#3.17),La Voz del Caribe,eddie palmieri
2392542,2392542,2392542,773261,360428,Little Brown Jug,The Clark Sisters,0,Barneys Magical Musical Adventure,1993.0,,Little Jack Horner,performed as part of the tea party medley
2393984,2393984,2393984,773450,720872,I Can't Believe Anyone Listens to My Music,Oxygenfad,0,What Women Want,2000.0,,My Pander Bear,mark isham
2394747,2394747,2394747,773663,619661,When Love Comes (Kshe Tavo Ahava),Yehudit Ravitz,0,Smilin Through,1932.0,,O Perfect Love,joseph barnby
2399317,2399317,2399317,775421,219578,Shadows of the Night,The Scientists,2004,Sons of Anarchy,2008.0,Faith and Despondency (#7.10),Boots of Spanish Leather,amos lee+the forest rangers
2403814,2403814,2403814,776435,468285,I Want To See The Bright Lights Tonight,Richard Thompson / Linda Thompson,1984,HelmiÌ_ ja sikoja,2003.0,,I Wonder,pauli rantasalmi+kwan
2403937,2403937,2403937,776435,626966,I Want To See The Bright Lights Tonight,Richard Thompson / Linda Thompson,1984,Springtime in the Rockies,1942.0,,I  Yi  Yi  Yi  Yi (I Like You Very Much),harry warren
2428106,2428106,2428106,783533,5194,Midnight,The Minimum,0,90210,2008.0,Off the Rails (#1.18),Sometime Around Midnight,the airborne toxic event
2438929,2438929,2438929,785964,610062,Concerto for Horn & Strings: I. Allegro Moderato - Cadenza,London Philharmonic Orchestra,0,Sex  kofe  sigarety,2014.0,,I love you so much it makes me cry,igor krutoy+igor nikolaev
2440395,2440395,2440395,786314,457570,I Love Rock 'n' Roll,Zombina & The Skeletones,2006,Grand Theft Auto V,2013.0,,Old Love/New Love,twin shadow
2457837,2457837,2457837,790416,535689,A Little Bit Of Soap,Showaddywaddy,1991,Max Schmeling,2010.0,,Thinking of Tonight,eric swann
2463803,2463803,2463803,791685,444985,Get Down [Warren Clarke Remix],Todd Terry All Stars feat. Kenny Dope_ DJ Sneak_ Terry Hunter & Tara Mcdonald,2007,Freddy vs Ghostbusters,2004.0,,I Wont Back Down,tom petty+jeff lynne
2468459,2468459,2468459,793051,292538,Duck & Cover,De Phazz,2010,The Young and the Restless,1973.0,(#1.9446),Nadias Theme,barry de vorzon+perry botkin jr.
2474129,2474129,2474129,794848,226175,When You Tell Me That You Love Me,Westlife with Diana Ross,2005,Stars in Their Eyes,1990.0,(#8.6),This Aint a Love Song,jon bon jovi+richie sambora+desmond child+david burrows
2484742,2484742,2484742,796829,296008,Moving In The Right Direction,The Pasadenas,0,Toast of the Town,1948.0,(#22.33),Doggone Right,smokey robinson+marvin tarplin+al cleveland+the miracles
2490198,2490198,2490198,798111,544623,How Long Can A Man Be Strong,The Jeff Healey Band,1990,Moon Over Harlem,1939.0,,Teach Me How to Sing Again,donald heywood
2494208,2494208,2494208,799409,108674,Black Magic (Intro),Year Long Disaster,0,Hercules,1998.0,Hercules and the Dream Date (#1.27),Aphrodites Intro,cheryl freeman+lillias white+roz ryan+randy petersen+kevin quinn
2501980,2501980,2501980,801846,11244,Sweet Home Alabama (Album Version),The Moog Cookbook,0,American Idol: The Search for a Superstar,2002.0,(#12.1),Home,phillip phillips
2515811,2515811,2515811,805199,372504,Object Of My Desire (Etienne Ozborne Remix),Nick Fiorucci,0,Bob Saget: Thats What Im Talkin About,2013.0,,Butt Plug Made of Leather,bob saget
2517067,2517067,2517067,805764,417994,I Wish I Could Shimmy Like My Sister Kate,Moon Mullican,0,Doing Time for Patsy Cline,1997.0,,If I Could Only Stay Asleep,ethel bassey+wayland chandler+patsy cline
2532064,2532064,2532064,811142,253249,Tell Me  (2006 Remastered Live on Westwood One Version),White Lion,0,The Marty Stuart Show,2008.0,Brad Paisley (#3.20),Anything Like Me,brad paisley+chris dubois+dave turnbull
2533013,2533013,2533013,811265,159640,I Hear You,Wilson Phillips,1992,Mr. Belvedere,1985.0,Debut (#3.3),Till There Was You,meredith willson+bob uecker
2542758,2542758,2542758,813883,50469,Don't Make Me Rock You,The National Splits,0,Cougar Town,2009.0,Counting on You (#1.17),Dont Wanna Know Why,whiskeytown
2565190,2565190,2565190,821336,530350,Who Will You Follow?,Whitecross,0,Magnavox Presents Frank Sinatra,1973.0,,I Get a Kick Out of You,cole porter+frank sinatra
2570150,2570150,2570150,823294,15725,Stairway To Heaven (2007 Remastered Live Version From The Song Remains The Same),Led Zeppelin,0,Archer,2009.0,The Papal Chase (#4.11),Archer Theme Song,scott sims
2583122,2583122,2583122,825930,712909,I'll Still Be Missing You,Warner mack,0,VerfÌ_hrung fÌ_r AnfÌ_nger,2005.0,,Just For You,lionel richie+paul barry+mark taylor
2584233,2584233,2584233,826065,587566,Introduction By E. Rodney Jones of Radio Station Wvon_ Chicago_ Ill. (Live Version),War,0,Rabbits Feat,1960.0,,A Cup of Coffee  a Sandwich and You,joseph meyer
2586862,2586862,2586862,826415,607175,I Gotta Right To Sing The Blues,Toots Thielemans,2006,Scream,1996.0,,I Dont Care,dillon dixon+marco beltrami+steve carnelli
2587766,2587766,2587766,826604,685478,We Wish You A Merry Christmas (Arr. Rutter),The American Boychoir,0,The Spirit of 76,1990.0,,Do You Feel Like We Do,peter frampton+john siomos+rick wills+mickey gallagher
2597059,2597059,2597059,829304,391039,Serenade No. 13 in G_ 'Eine kleine Nachtmusik' K525 (1997 Digital Remaster): II.   Romanze (Andante),Sir Neville Marriner/Academy of St Martin-in-the-Fields,0,Chop Shop,2007.0,,No Voy A Llorar,various artists
2599571,2599571,2599571,830728,651798,Your Way,Chico DeBarge,0,The Butch Factor,2009.0,,The Sound of Your Music,ex-boyfriends
2600198,2600198,2600198,830761,655102,Sort Of,His Name Is Alive,1993,The Cutting Edge: Going for the Gold,2006.0,,Love Has A Mind Of Its Own,susan j. paul
2604780,2604780,2604780,832008,514953,You Are The One (Album Version),Carlene Carter,1990,Lego Dimensions,2015.0,,Everything Is Awesome (The Awesome!! Version),shawn patterson+jo li+the lonely island
2605381,2605381,2605381,832559,247352,Because You Loved Me,CÌ©line Dion,1996,The Graham Kennedy Show,1968.0,(1975-04-16),Rock and Roll (I Gave You the Best Years of My Life),kevin johnson
2613398,2613398,2613398,835248,482627,La Cuestion,Antonio Orozco,2006,Il mio nome Ì¬ Nessuno,1973.0,,La Favola DellUccellino (Fable Of The Little Bird),ennio morricone+his orchestra
2632342,2632342,2632342,840304,36494,Axis of evil,Derek Sherinian,2003,Britains Got Talent,2007.0,2015: Auditions 3 (#9.3),Chariots of Fire,vangelis
2637088,2637088,2637088,841557,683130,Play In My Band,Young Money,2009,The School of Rock,2003.0,,For Those About To Rock (We Salute You),brian johnson+angus young+malcolm young
2646176,2646176,2646176,845051,301180,I Know Jayne,David Lowe's Dreamcatcher,2007,Top of the Pops,1964.0,(1980-08-14),Ashes to Ashes,david bowie
2650035,2650035,2650035,846239,57877,Give Me Your Word,Tennessee Ernie Ford,1998,Dancing with the Stars,2004.0,2009 Semi-Final (#9.9),Bring Me To Life,amy lee+david hodges+ben moody
2666191,2666191,2666191,850003,542218,Red Light,Linda Clifford,1980,Miss Congeniality,2000.0,,You Light Up My Life,joseph brooks+deirdre quinn
2667504,2667504,2667504,850178,364779,There's A Hole In My Heart,Monta,2007,Berkeley in the Sixties,1990.0,,All My Trials,joan baez
2672850,2672850,2672850,851127,635498,A Ray Of Sunshine,Wham!,1983,Supervan,1977.0,,Between The Best Of Friends,jerry tawney+bob stone+mark mercury
2682638,2682638,2682638,854060,375474,(Mama) You Got To Love Your Negro Man,John C. Reilly,2007,Branded,2012.0,,You Love Me,dj major
2687274,2687274,2687274,855424,667641,Something's Gotta Give,Robin McKelle,2006,The Joy of the Single,2012.0,,We Gotta Get Out of This Place,barry mann+cynthia weil+the animals
2702284,2702284,2702284,858932,390351,Eye For An Eye - Album Version,Soulfly,0,Chikara JoshiMania Night III,2011.0,,Electric Eye,rob halford+k.k. downing+glenn tipton+judas priest
2704797,2704797,2704797,859787,599770,You Make Me Feel Like Dancing (Remastered Single/LP Version),Leo Sayer,0,Rubbeldiekatz,2011.0,,Teach Me Tiger,nino tempo+april stevens
2741909,2741909,2741909,870983,291598,Henri,Sanne Wallis de Vries,0,The Young and the Restless,1973.0,(#1.8581),Nadias Theme,barry de vorzon+perry botkin jr.
2760573,2760573,2760573,875273,230085,The Wrong Side Of Town,The Beautiful Girls,2005,Supernatural,2005.0,Something Wicked (#1.18),Another Day of Regrets,molly
2762418,2762418,2762418,875909,706193,Love It All,Wicked Jazz Sounds Band,2009,TyttÌ¦jÌ_ ja jÌ_Ì_telÌ¦Ì_,1995.0,,YksinÌ_inen kitara,the sounds
2775838,2775838,2775838,878070,342955,The Battle of Carnival and Lent,Zbigniew Preisner,1993,Alice Cooper: Welcome to My Nightmare,1975.0,,Department Of Youth,alice cooper+dick wagner+robert ezrin
2779679,2779679,2779679,879272,90568,I love you teddy bear,Tasavallan Presidentti,1969,Forever,2014.0,The Art of Murder (#1.4),My One and Only Love,guy wood+robert mellin+ella fitzgerald
2794692,2794692,2794692,883890,278610,Wait For You - National Forest production Line remix,Mint Royale,2005,The Tonight Show with Jay Leno,1992.0,(#20.27),Forget You,ceelo green+bruno mars+philip lawrence+ari levine+brody brown+the tonight show band
2799137,2799137,2799137,885415,958,I Just Wanna Stick My Head In The Bass Drum,We Rock Like Girls Don't,0,20 to 1,2005.0,80s Good  Bad & Ugly (#9.15),I Should Be So Lucky,kylie minogue+mike stock+matt aitken+pete waterman
2804465,2804465,2804465,886697,210405,Instant Karma! (We All Shine On),John Lennon And Yoko Ono With The Plastic Ono Band,2005,Shindig!,1964.0,(#1.28),If I Fell,john lennon+paul mccartney+the wellingtons
2808621,2808621,2808621,887379,111005,Surviving The Life,Neil Diamond,1976,Histeria!,1998.0,The U.S. Civil War: Part 2 (#1.8),A Life on the Ocean Wave,henry russell
2820360,2820360,2820360,889841,349827,Thought you were on my side,Cock Robin,1985,Angelina Ballerina: Shining Star Trophy Movie,2011.0,,My Way,jules de jongh+jo wyatt
2832808,2832808,2832808,893645,492764,The Failure Of All Things,Horse The Band,2009,Joe Goulds Secret,2000.0,,The Nearness of You,hoagy carmichael+ned washington+charlie parker+woody herman+his orchestra  (as woody herman+his orchestra)
2837706,2837706,2837706,895146,255981,When It's Sleepy Time Down South,The Al Hirt Band,1963,The Midnight Special,1972.0,(#8.23),Watermelon Time in Georgia,harlan howard
2870346,2870346,2870346,901120,552613,The Knife Feels Like Justice (24-Bit Remastered 99) (1999 Digital Remaster),Brian Setzer,0,Nancy Drew,2007.0,,Like A Star,corinne bailey rae
2871489,2871489,2871489,901516,404380,If I Should Die Tonight,Brakes,2005,Dance Paradise,2010.0,,When I Grow Up,the pussycat dolls
2887644,2887644,2887644,905717,447572,Love Affair (Album Version),k.d. lang,0,Funny People,2009.0,,Im in the Mood for Love,jimmy mchugh+dorothy fields+the king cole trio
2905795,2905795,2905795,911243,138420,Tonight (Single Mix),Alex Band,0,Life on Mars,2006.0,(#1.2),Drum Song,willie lindo+the charmers band
2908532,2908532,2908532,911981,309721,TurbilhÌ£o (OP7),Tim,0,United States of Tara,2009.0,Alterations (#1.7),(Learn To Love) The Ride,tim delaughter
2921654,2921654,2921654,914020,251267,I Found A Keeper,Angie Stone,2009,The Larry Sanders Show,1992.0,Arthur After Hours (#4.3),I Wanna Be Around,sadie vimmerstedt+johnny mercer+rip torn
2927547,2927547,2927547,914599,691589,I'm A Man Of Constant Sorrow,The Stanley Brothers;The Clinch Mountain Boys,1951,The Winning Hand,1985.0,,The Bandits of Beverly Hills,kris kristofferson
2938220,2938220,2938220,917118,670741,Gavotte I & Gavotte II (from English Suite No.3 in G minor BWV 808) (1992 Digital Remaster),Jascha Heifetz,0,The Little Prince,1974.0,,I Need Air (Its A Hat),frederick loewe+richard kiley+chorus
2948485,2948485,2948485,920036,278285,Made Up My Mind,John Mooney,0,The Tonight Show with Jay Leno,1992.0,(#20.157),Fortunate Son,john fogerty+the tonight show band
2950925,2950925,2950925,921033,36957,That Old Black Magic,Glenn Miller & His Orchestra,1999,Brooklyn Nine-Nine,2013.0,Johnny and Dora (#2.23),Miami Vice,the speldings jazz orchestra
2956049,2956049,2956049,923336,570968,Como Yo Te Amo,Rocio Jurado,1979,Papito,2007.0,,Te amarÌ©,juan carlos calderÌ_n+miguel bosÌ©+laura pausini
2965100,2965100,2965100,925259,395349,Futilist's Lament,High Tide,1969,Collateral,2004.0,,Steel Cello Lament,elliot goldenthal
2973870,2973870,2973870,927079,331391,Pieces Of Dreams,Stanley Turrentine,1990,A Bear for Punishment,1951.0,,That Wonderful Mother of Mine,walter goodwin
2983214,2983214,2983214,929322,360713,Legions Of The Black Light,Watain,2007,Barney: Lets Go to the Moon,2013.0,,Best of Friends,jeff zahn
2987140,2987140,2987140,930439,210522,I'm No Fool_ I Know The Rule (If You Love Me Like You Say),Smokey Wilson,0,Shindig!,1964.0,(#1.31),I Like It Like That,chris kenner+allen toussaint+the blossoms
2992422,2992422,2992422,932187,348487,I'll Meet You Halfway,David Cassidy & The Partridge Family,0,An Evening with Fred Astaire,1958.0,,Man with the Blues,david rose
3003940,3003940,3003940,936084,705579,The Holly And The Ivy; A La Nanita Nana; Joseph Dearest Joseph Mine; Whence Comes This Rush Of Wings,The Norman Luboff Choir,1956,Two Family House,2000.0,,Questa o quella (This Woman or That),giuseppe verdi
3010625,3010625,3010625,937351,169086,I Smell Burning,You Me and The Atom Bomb,2006,Nuremberg,2000.0,,I Never Slept a Wink Last Night,andy razaf+nat simon+marlene dietrich
3015286,3015286,3015286,938936,714030,The Return Of Darkness And Evil,bathory,2006,Vinyl,2012.0,,Echoes Of My Tears,the velcro lewis+velcro lewis group+arrangement with ghost town+inc
3016429,3016429,3016429,939499,226393,Love Will Lead You Back,Young Divas,0,Stars in Their Eyes,1990.0,Live Grand Final 2000 (#11.11),My Love,bradley spalter+louise francis+robbie nevil+katie walters
3028370,3028370,3028370,941334,375608,Baby Murdered Me,Springbok Nude Girls,1996,Brats: Our Journey Home,2006.0,,What About Me,kris kristofferson
3030652,3030652,3030652,942479,404619,Your Grandpa is Dancing,Wardian,0,Dancing Pirate,1936.0,,When Youre Dancing the Waltz,richard rodgers+lorenz hart+charles collins+steffi duna+chorus
3034038,3034038,3034038,943132,495533,This Town,The Go-Go's,0,Jupiters Darling,1955.0,,If This Be Slavry,burton lane+marge champion+gower champion
3054006,3054006,3054006,949701,174756,Hit Me With Your Rhythm Stick (Live),Ian Dury & The Clash,0,OperaciÌ_n triunfo,2001.0,(#1.13),Con los aÌ±os que me quedan,gloria estefan+emilio estefan jr.+nuria fergÌ_
3054030,3054030,3054030,949701,210981,Hit Me With Your Rhythm Stick (Live),Ian Dury & The Clash,0,Shindig!,1964.0,(#1.5),Let It Be Me,gilbert bÌ©caud+pierre delanoÌÇ+mann curtis+the everly brothers
3071215,3071215,3071215,953627,372188,Black Sea Blues (USYDR0304312),William Lee Ellis,0,Blues Like Showers of Rain,1970.0,,Blues,robert curtis smith
3088916,3088916,3088916,956899,284749,Pop Goes the Weasel (Murray),The Wiggles,2008,The Wiggles,1998.0,Anthonys Friend (#1.1),Dorothys Birthday Party,the wiggles
3092598,3092598,3092598,957933,47466,Me & My Man,Chromeo,2004,Cold Case,2003.0,Honor (#3.8),Doctor My Eyes,jackson browne
3098559,3098559,3098559,959593,71119,New Joc City - Intro [Explicit Album Version],Yung Joc,2006,Dirigible Days,2012.0,Strange Cargo (#1.2),New Horizons: The Dirigible Days Theme,vernian process
3099897,3099897,3099897,959763,304898,We Didn't Want You To Know,WWE John Cena and Tha Trademarc,0,Treme,2010.0,Do You Know What It Means (#1.1),Mama Roux,jessie hill+dr. john
3100709,3100709,3100709,960060,250625,For You,Sharon Van Etten,2009,The King of Queens,1998.0,Knee Jerk (#8.16),I Put a Spell on You,screamin jay hawkins
