,_id,ltable_id,rtable_id,ltable_title,ltable_artist_name,ltable_year,rtable_title,rtable_year,rtable_episode,rtable_song,rtable_artists
140,140,752135,608033,So Real,Jeff Buckley,1994,Secretary,2002.0,,Its So Strange (The Way Love Works),the honeydogs jeff barry ellie greenwich neil diamond
2276,2276,513861,579072,It's Never Sunny In South Philadelphia,The Wonder Years,0,Poetic Justice,1993.0,,Never Dreamed Youd Leave in Summer,stevie wonder syreeta arrangement with polygram special markets
5030,5030,771295,305154,Let Freedom Ring,Bill Whelan / Tsidii Le Loka / Eoghan O'Neill / Des Moore / Noel Heraty / Robbie Harris / The Amanzi Singers,2000,Tricked,2013.0,(#2.2),Let Forever Be,the chemical brothers noel gallagher
5159,5159,673130,36678,Land Of 1000 Dances,Wilson Pickett,1966,Britains Got Talent,2007.0,2016: Auditions 1 (#10.1),Land of a Thousand Dances,chris kenner wilson pickett
5268,5268,931196,262070,High Noon,Tex Williams & Tex Ritter,0,The Porter Wagoner Show,1961.0,Tex Ritter (#1.101),High Noon,dimitri tiomkin ned washington tex ritter
5329,5329,630088,29145,Muda De Vida,Humanos,2004,Bem-Vindos a Beirais,2013.0,O Dia das ConfissÃŒÂµes (#2.11),Muda de Vida,antÃŒ_nio variaÃŒÂ¤ÃŒÂµes humanos
5853,5853,379037,715244,Rocket Man (I Think It's Going To Be A Long_ Long Time),Elton John,1976,Voyage,1993.0,,Rocket Man,elton john bernie taupin
8065,8065,411178,635253,Too Hot To Stop (Pt. 1),The Bar-Kays,0,Superbad,2007.0,,Too Hot to Stop,fred freemand harry l. nehls the bar-kays
9236,9236,367631,376069,Atomic Dog (Dogs Of The World Unite Remix) (Explicit) (Feat. Coolio),George Clinton Featuring Coolio,1996,Breakin All the Rules,2004.0,,Atomic Dog,george clinton   (as george clinton jr.) garry m. shider david l. spradley george clinton
9771,9771,278273,299939,Where Did Our Love Go,Lamont Dozier,0,Top of the Pops,1964.0,(1978-09-07),Where Did Our Love Go?,brian holland lamont dozier eddie holland the manhattan transfer
10148,10148,917310,240895,We Built This City,Starship,1985,The Code,2014.0,(#1.2),We Built This City,bernie taupin martin page dennis lambert pÃŒÂ©ter wolf jefferson starship
10259,10259,455437,395100,Moon River (LP Version),Johnny Crawford,0,Cold Chisel Ringside,2004.0,,Big River,johnny cash cold chisel
10451,10451,882827,703287,When Morning Comes,VIP Mass Choir featuring John P. Kee,0,Trollywood,2004.0,,Sunday Morning,the velvet underground john cale lou reed
12477,12477,755647,100254,Good Time [Craig C. Master Blaster Dub],Leela James,0,Good Times,1974.0,Thelmas African Romance: Part 2 (#4.16),Good Times,dave grusin james gilstrap blinky
12865,12865,117822,464282,It's Hard to Be Me,Cyndi Lauper,2002,Hard to Be Me,2010.0,,Its Hard to Be Me,cyndi lauper rob hyman william wittman
15233,15233,446978,383785,Unchained Melody,Righteous Brothers,1965,Canary Brothers of Tondo,1992.0,,Unchained Melody,alex north the righteous brothers
17539,17539,819517,346665,Little Star,The Elegants,1986,American Hot Wax,1978.0,,Little Star,arthur venosa vito picone the elegants
17591,17591,499545,388741,Ladies Night,Kool And The Gang,1988,Charlie Wilsons War,2007.0,,LADIES NIGHT,george funky brown robert kool bell kool the gang
17776,17776,595261,388741,Good Night,Niko De Luka & Brown Sugar feat. Dawn Tallman,0,Charlie Wilsons War,2007.0,,LADIES NIGHT,george funky brown robert kool bell kool the gang
20791,20791,727067,692188,Mars (Bringer Of War) (1926 recording),Gustav Holst,0,The World Within,2010.0,,Mars  the Bringer of War,gustav holst the us air force band
21616,21616,45719,479180,Bridal Chorus,Richard Wagner / Otto Sieben,1991,I Live for Love,1935.0,,Bridal Chorus,richard wagner
22867,22867,46682,595521,Pump Me Up,DJ Jazzy Jeff & The Fresh Prince;Will Smith,0,Risky Business,1983.0,,The Pump,tony hymas simon phillips jeff beck
23264,23264,937425,355024,God Bless The Child,Chris Botti;Paula Cole,0,August Rush,2007.0,,God Bless the Child,arthur herzog jr. billie holiday chris botti paula cole
23661,23661,295994,712909,Just One More Chance,Les Paul & Mary Ford,2002,VerfÃŒ_hrung fÃŒ_r AnfÃŒ_nger,2005.0,,Just For You,lionel richie paul barry mark taylor
24074,24074,524188,460078,Cross Road Blues,Robert Johnson,0,Guitar Hero,2005.0,,Cross Road Blues,robert johnson
24725,24725,847855,381679,Crank That (Soulja Boy) [Travis Barker Remix],Soulja Boy Tell`em,0,CHIKARA: King of Trios 2009 - Night I,2009.0,,Crank That (Soulja Boy),deandre way cortez soulja boy
28523,28523,828845,519850,Cocinando,Ray Barretto,1972,Little Birds,2011.0,,Cocinando Suave,ray barretto
28555,28555,46964,519850,Cocinando Suave,Ray Barretto,1962,Little Birds,2011.0,,Cocinando Suave,ray barretto
28864,28864,823913,523292,Adoro,Armando Manzanero,2002,Los amores de Juan Charrasqueado,1968.0,,Adoro,armando manzanero
31472,31472,961408,623647,She's About A Mover,Sir Douglas Quintet,1969,Sorority Boys,2002.0,,Shes About a Mover,doug sahm sir douglas quintet
32267,32267,215284,45708,Jingle Bells (Album Version),Boney James,0,Chuck,2007.0,Chuck Versus the Crown Vic (#1.11),Jingle Bells,james pierpont
33295,33295,692531,469933,Pretty Young Girl,Bad Boys Blue,1985,High Cs,1930.0,,My Pretty Quadroon,charley chase the ranch boys
33733,33733,280363,674735,Suite: Judy Blue Eyes (Demo),Stephen Stills,0,The Music Never Stopped,2011.0,,Suite: Judy Blue Eyes,stephen stills crosby stills nash arrangement with warner music group film tv licensing
33802,33802,734417,215771,St. Ides Of March,The White Stripes,2003,So You Think You Can Dance Canada,2008.0,Top 10 (#2.16),St. James Infirmary Blues,the white stripes
33919,33919,281796,451284,Time Freezes,Youth Group,0,Ghost Dog: The Way of the Samurai,1999.0,,Armagideon Time,willie williams coxsone dodd arrangement with ocean park music group
34168,34168,139361,629695,Yankee Doodle,George M. Cohan,0,Steel Magnolias,1989.0,,YANKEE DOODLE DANDY,george m. cohan
34222,34222,943037,134586,Walk Around Time,The Robert Cray Band / The Memphis Horns,0,Late Night with Jimmy Fallon,2009.0,(#2.131),Walk Dont Walk,prince robert randolph the family band
37150,37150,905750,731065,My Romance,Jo Stafford,1994,Youth in Revolt,2009.0,,My Romance,lorenz hart richard rodgers jo stafford
37224,37224,461003,156780,Why Wont You,The Rogers Sisters,2006,MisteRogers Neighborhood,1968.0,1750: When Things Get Broken (#29.15),Wont You Be My Neighbor?,fred rogers
38462,38462,784423,162178,Buddy Holly,Rivers Cuomo,2007,My Mad Fat Diary,2013.0,Girls (#2.3),Buddy Holly,rivers cuomo weezer
38632,38632,76521,636822,Barra,Habib Koite,0,Sweet  Sweet Country,2013.0,,Barra,habib koite
38848,38848,168853,110983,If U Can't Dance (Slide),Will Smith,2005,Histeria!,1998.0,The Thomas Jefferson Program (#1.27),If Youre Happy and You Know It,alfred b. smith
40841,40841,333557,680273,I Put a Spell On You,Screamin Jay Hawkins,1956,The Quickie,2001.0,,I Put a Spell on You,screamin jay hawkins nolan f. porter ii mike nelson (tenor baritone sax) ken steiger (guitars
40876,40876,927301,680273,(She Put The)Wamee(On Me),Screaming Jay Hawkins,0,The Quickie,2001.0,,I Put a Spell on You,screamin jay hawkins nolan f. porter ii mike nelson (tenor baritone sax) ken steiger (guitars
44310,44310,745690,312763,We Used To Be Friends,The Dandy Warhols,2003,Veronica Mars,2004.0,Rashard and Wallace Go to White Castle (#2.12),We Used to Be Friends,courtney taylor-taylor grant nicholas the dandy warhols
44344,44344,584823,696100,esperanza,P.I.C.,2000,Three to Five & Glassy,2007.0,,Esperanza,p.i.c.
45293,45293,379551,356243,Saturday Night Fish Fry - Parts 1 & 2 (Digitally Remastered),Louis Jordan & His Tympany Five,0,B.B. King: The Life of Riley,2012.0,,Saturday Night Fish Fry,louis jordan ellis lawrence walsh
46599,46599,506022,301059,Dear Miss Lonely Hearts,Phil Lynott,1980,Top of the Pops,1964.0,(1980-04-17),Dear Miss Lonely Hearts,phil lynott
46897,46897,864973,302787,I Got You - Original Live,James Brown and The Soul G's,0,Top of the Pops,1964.0,(1996-02-15),I Got 5 on It,tone capone claydes smith dennis d.t. thomas denzil foster donald boyce numskull george funky brown jay king yukmouth richard westfield robert kool bell robert spike mickens ronald bell thomas mcelroy luniz
46975,46975,877456,302787,I Got 5 On It,The Luniz featuring Dru Down_ E-40_ Richie Rich_ Shock G_ Spice 1,1995,Top of the Pops,1964.0,(1996-02-15),I Got 5 on It,tone capone claydes smith dennis d.t. thomas denzil foster donald boyce numskull george funky brown jay king yukmouth richard westfield robert kool bell robert spike mickens ronald bell thomas mcelroy luniz
48305,48305,372252,53272,Carmen Suite: Intermezzo,Georges Bizet,1993,Curb Your Enthusiasm,2000.0,The Car Pool Lane (#4.6),Carmen - Gypsy Dance,georges bizet
48812,48812,56486,393392,The Man With The Magic Touch,The Brian Setzer Orchestra,1996,Classic Widows,1995.0,,Odd Man Out  Prelude,william alwyn london symphony orchestra
52113,52113,222260,597064,I Never Had A Sweetheart,Connie Francis,1993,Rock Rock Rock!,1956.0,,I Never Had A Sweetheart,connie francis
55766,55766,652902,329098,September When It Comes,Rosanne Cash Featuring Johnny Cash,2000,29 und noch Jungfrau,2007.0,,When We Are Together,johnny mcelhone sharleen spiteri texas
56723,56723,649531,148438,TÌ« Fora,Kelly Key,2008,MalhaÃŒÂ¤ÃŒÂ£o,1995.0,,TÃŒÂ« Fora,kelly key
59846,59846,611352,548898,Woh Ladki Hai,Sonu Nigam,0,Muskaan,2004.0,,Woh Ho Tum,sameer nikhil vinay anuradha paudwal sonu nigam
64124,64124,389722,217184,Circus,Kelis,2006,So You Think You Can Dance,2005.0,Top 14 Results (#3.13),Circus,kelis
64159,64159,840223,658665,Epigraph No. 1_ Var. 1,Ketil BjÌürnstad_ David Darling,2000,The Exorcist,1973.0,,Study No. 1,david borden
64523,64523,676171,678094,The Way You Look Tonight,Frank Chacksfield  Orchestra,0,The Perfect You,2002.0,,No Way,michael sherwood bobby sherwood orchestra
64537,64537,3181,678094,The Way We Were,The London Pops Orchestra,0,The Perfect You,2002.0,,No Way,michael sherwood bobby sherwood orchestra
65434,65434,461690,546353,Black & Blue,Jim Boggia,2001,Moving Malcolm,2003.0,,Black & Blue,jim boggia
65532,65532,688387,677170,Wild About You Baby - Live,Hound Dog Taylor and The Houserockers,0,The Outing,1987.0,,WILD SIDE OF ME,taylor rhodes
65816,65816,325479,86057,Symphony No. 9 In D Minor_ Op. 125; lll Adagio Molto E Cantabile,Ludwig van Beethoven,0,Everybody Loves Raymond,1996.0,Working Girl (#3.22),Symphony No. 94 - Ode to Joy,ludwig van beethoven
66974,66974,765987,12434,Dirty Man,Laura Lee,1967,American Idol: The Search for a Superstar,2002.0,Top Three Performance (#9.40),Simple Man,ronnie van zant gary rossington lee dewyze
67362,67362,47825,643267,A Good Man Is Hard To Find,Les Brown,2001,Thats Entertainment  Part II,1976.0,,Good Morning,nacio herb brown gene kelly debbie reynolds donald oconnor
68867,68867,958516,571016,Creo En Ti,Miguel BosÌ©,2007,Papitwo,2012.0,,Creo en tÃŒ_,josÃŒÂ© luis perales miguel bosÃŒÂ©
68884,68884,19924,185424,Tocar Na Banda,Adoniran Barbosa,0,Por Toda Minha Vida,2006.0,Adoniran Barbosa (#4.1),Tocar na Banda,adoniran barbosa
69248,69248,127132,30124,Wicked Game (Remastered Album Version),Chris Isaak,2006,Beverly Hills  90210,1990.0,One Man and a Baby (#1.11),Wicked Game,chris isaak
70809,70809,215284,671208,Jingle Bells (Album Version),Boney James,0,The Long Kiss Goodnight,1996.0,,Jingle Bells,james pierpont jingle dogs
71929,71929,372513,431573,Talk About Suffering,The John Renbourn Group,1977,Er shi si cheng ji,2008.0,,Bring about brilliance again,chengfa group
71996,71996,639989,646949,Different Kind Of Man,Syl Johnson,0,The Art of the Steal,2013.0,,What Kind of Man Are You,joseph evans jimmy feagan dolores johnson
72095,72095,453545,239529,I Just Want To Make Love To You,Willie Dixon,1989,The Blues,2003.0,Godfathers and Sons (#1.5),I Just Want to Make Love to You,willie dixon the rolling stones
72407,72407,67657,672340,Phase Dance,Pat Metheny_ Lyle Mays_ Mark Egan_ Dan Gottlieb,1978,The Majorettes,1987.0,,Dance of the Ancients,mark harbst
72511,72511,713865,278183,Shut Up and Leave Me Alone,The Michael Stanley Band,0,The Tonight Show with Jay Leno,1992.0,(#20.14),Up Around the Bend,john fogerty the tonight show band
72690,72690,507937,278183,Up Yours! (2001 Digital Remaster),The Edgar Broughton Band,0,The Tonight Show with Jay Leno,1992.0,(#20.14),Up Around the Bend,john fogerty the tonight show band
72969,72969,390025,104058,Flamenco Sketches,Jason Miles,0,Grimm,2011.0,Nobody Knows the Trubel Ive Seen (#3.19),Flamenco Sketches,miles davis
75332,75332,732729,228190,Somebody Told Me,The Killers,2004,Subterranean,2003.0,The Streets,Somebody Told Me,the killers
79041,79041,422164,640875,Not Tonight,Dead Luke,2008,Teenage Dirtbag,2009.0,,Youre Not The Law,johannes wanngren andreas sandberg dr. living dead
79677,79677,465749,225993,Wherever I Lay My Hat (That's My Home),Marvin Gaye,1963,Stars in Their Eyes,1990.0,(#5.2),Wherever I Lay My Hat (Thats My Home),marvin gaye barrett strong norman whitfield paul sansome
82822,82822,634424,560196,Coz I Luv You,Slade,1971,Nothing Personal,1995.0,,Coz I Luv You,jim lea slade
82999,82999,736177,709873,Bridge Over Troubled Water,Paul Mauriat And His Orchestra,0,Unusual Occupations,1942.0,,London Bridge Is Falling Down,studio orchestra
83444,83444,9771,66821,Solta,Pedro Khima,2007,Deixa-me Amar,2007.0,(#1.36),Solta,pedro khima
83910,83910,99074,380243,Calm Down,The Mohawk Lodge,2007,Burgeon and Fade,2007.0,,Calm Down,mohawk lodge
85368,85368,594478,492065,Purple Haze,Jimi Hendrix,1969,Jimi Hendrix at the Isle of Wight,1991.0,,Purple Haze,jimi hendrix
85425,85425,99955,524271,You Can Be Flirty,Chris T-T,2000,Lottery Ticket,2010.0,,I Can Transform Ya,chris brown lil wayne swizz beatz jason poo bear boyd lonny bereal
85558,85558,719873,524271,You Can Make It If You Try,Yvonne Fair / James Brown,0,Lottery Ticket,2010.0,,I Can Transform Ya,chris brown lil wayne swizz beatz jason poo bear boyd lonny bereal
89119,89119,175676,569055,Sweet Georgia Brown (1991 Digital Remaster),The King Cole Trio,0,Outside Providence,1999.0,,Sweet Home Alabama,edward king gary rossington ronnie van zant lynyrd skynyrd
91795,91795,892240,137187,Mon amant de saint jean,Lucienne Delyle,1993,Les Refrains de la mÃŒÂ©moire,2001.0,Mon amant de Saint Jean... 1942,Mon amant de Saint Jean,ÃŒÃ¤mile carrara lucienne delyle
95905,95905,266661,393221,Mairzy Doats,The Merry Macs,1987,Class of 44,1973.0,,Mairzy Doats,milton drake al hoffman jerry livingston the merry macs
96433,96433,441070,301940,Physical (Live At The Sydney Opera House),Olivia Newton-John,0,Top of the Pops,1964.0,(1982-12-30),Physical,steve kipner terry shaddick olivia newton-john
98008,98008,882228,234312,Blame It On the Boogie,Tony Jackson,0,Tennis: Eastbourne,2008.0,2016: Thursday  Part 2,Blame It on the Boogie,jackson 5
98111,98111,314223,494369,Saddest Day Of My Life,Tony Curtis,0,Joy Division,2007.0,,Day of the Lords,joy division ian curtis    / peter hook    / bernard sumner   / stephen morris
100201,100201,915230,139994,The Tears Of A Clown,Smokey Robinson & The Miracles,1967,Live from Daryls House,2007.0,Smokey Robinson (#1.22),Tears of a Clown,henry cosby smokey robinson stevie wonder
102787,102787,618338,514353,Country Music In My Soul,George Hamilton IV & Sylvie,0,Lease of Life,1954.0,,Water Music,george frideric handel
103678,103678,422690,445588,Les trois cloches,Les Compagnons de la Chanson (Avec Edith Piaf),1988,French Kiss,1995.0,,Les Yeux De Ton Pere,les negresses vertes mathieu crespin jean-marie paulus noel rota stefane mellino
103715,103715,418923,445588,Les AurÌ©oles,Les VRP,1990,French Kiss,1995.0,,Les Yeux De Ton Pere,les negresses vertes mathieu crespin jean-marie paulus noel rota stefane mellino
104082,104082,461003,155796,Why Wont You,The Rogers Sisters,2006,MisteRogers Neighborhood,1968.0,1266 (#6.6),Wont You Be My Neighbor?,fred rogers
104189,104189,376551,676626,Papercut (Live In Texas),Linkin Park,2003,The One,2001.0,,Papercut,chester bennington linkin park
106327,106327,922375,503154,Make A Stand (Album Version),River City Rebels,0,Knockaround Guys,2001.0,,Make a Deal with the City,f.m. cornog east river pipe arrangement with bug music inc.
106782,106782,640335,486415,Carmen Suite: Gipsy Dance,Georges Bizet,0,Invisible Ink,2015.0,,Carmen,georges bizet
107674,107674,659224,217966,Dog Days Are Over (Demo),Florence + The Machine,2009,So You Think You Can Dance,2005.0,Top Three Perform (#7.22),Dog Days Are Over,florence welch isabella summers florence the machine
111584,111584,325624,91307,Big Fine Girl,Wilbur deParis_ Jimmy Witherspoon,1949,Franks Place,1987.0,Night Business (#1.17),Big Boss Man,jimmy reed
112253,112253,399984,189689,Aunque Lo Quieran o No,Jorge Negrete,0,Que te perdone Dios,2015.0,(#1.87),Aunque ahora estÃŒÂ©s con el,jorge eduardo murguÃŒ_a mauricio arriaga calibre 50
112701,112701,61737,480768,I Turn To You,The John Earl Walker Band,0,Ill Turn to You,1946.0,,Ill Turn to You,john mchugh
115029,115029,462631,415550,Fool on the Hill,John Williams,0,Dinner for Schmucks,2010.0,,The Fool on the Hill,john lennon paul mccartney the beatles
115042,115042,382414,415550,Pity The Fool ( LP Version ),The Paul Butterfield Blues Band,1967,Dinner for Schmucks,2010.0,,The Fool on the Hill,john lennon paul mccartney the beatles
116508,116508,465879,53256,Die Jesus-TagebÌ_cher,Johann KÌ¦hnich,0,Curb Your Enthusiasm,2000.0,The Bowtie (#5.2),Die Fledermaus Overture,johann strauss
117210,117210,905861,683218,Piano Sonata (moonlight) N.14 In C Sharp Minor Op.27 N.2 : Adagio Sostenuto,Ludwig van Beethoven,0,The Sea Gull,1968.0,,Sonata No.25 in G  Op.79,ludwig van beethoven
118726,118726,654167,255824,Soul I Want,William Topley,0,The Mickey Mouse Club,1955.0,(#1.1),What I Want To Be,william lava
120073,120073,671826,99222,Alfie,Kenny G featuring Burt Bacharach,0,Glee,2009.0,What the World Needs Now (#6.6),Alfie,burt bacharach hal david naya rivera
124962,124962,759656,125684,Big Trouble,Robert Palmer,1994,Justified,2010.0,Guy Walks Into a Bar (#3.10),Big Dog Blues,robert j. walsh
127003,127003,776435,522724,I Want To See The Bright Lights Tonight,Richard Thompson / Linda Thompson,1984,Looper,2012.0,,I Want to See the Bright Lights Tonight,richard thompson linda thompson
127142,127142,387562,690166,Lonelier Than This,Steve Earle,2000,The War Boys,2009.0,,Lonelier Than This,steve earle
127158,127158,30284,270520,When You Wish Upon A Star,Cliff Edwards/Disney Studio Chorus,1991,The Steve Allen Show,1956.0,(#1.9),When My Dream Boat Comes Home,cliff friend dave franklin fats domino
128516,128516,579817,648162,I Want You!,Peter Bjorn And John,2009,The Beatles: 1,2015.0,,I Want to Hold Your Hand,john lennon paul mccartney the beatles
128601,128601,381488,648162,I Want To Be With You (Live @ The Troubadour_ LosAngeles),The Paul Butterfield Blues Band,0,The Beatles: 1,2015.0,,I Want to Hold Your Hand,john lennon paul mccartney the beatles
128857,128857,199010,136410,Ocean and a Rock,Lisa Hannigan,2009,Later... With Jools Holland,1992.0,(#34.6),Ocean and a Rock,lisa hannigan
129524,129524,330050,393897,Soul Breathe,Chad,0,Clockstoppers,2002.0,,Breathe,chad kroeger mike kroeger ryan peake nickelback
129730,129730,651540,618083,The James Bond Theme,Neil Norman And His Cosmic Orchestra,0,Skyfall,2012.0,,The Names Bond... James Bond,monty norman
130573,130573,273298,460574,Thank You (Falettinme Be Mice Elf Agin),Sly & The Family Stone,1969,Guitar Man,2009.0,,Thank You (Falettinme Be Mice Elf Agin),sly stone sammy hagar neal schon nile rodgers narada michael walden
131192,131192,57832,241498,The Man On The Flying Trapeze,Eddie Cantor,1994,The Danny Kaye Show,1963.0,(#1.4),When the Song and Dance Man Came to Town,danny kaye mary tyler moore eddie foy jr.
131309,131309,945922,452050,A Walk On The Wild Side Of Life,David Ball,1994,Girl,1998.0,,I Walk the Mole,david bassett walter salas-humara the moles
131805,131805,698530,253292,My Blue Heaven,Warner Williams and Jay Summerour,0,The Marty Stuart Show,2008.0,Charley Pride (#6.20),Im Blue  Im Lonesome,bill monroe hank williams marty stuart the fabulous superlatives
133116,133116,348706,100231,Good Lovin',Sam & Dave,1987,Good Times,1974.0,The Physical (#6.20),Good Times,dave grusin james gilstrap blinky
133331,133331,221915,585679,Clouds (Remix Album Version),Chaka Khan,0,Put the Needle on the Record,2004.0,,Clouds,chaka khan
136777,136777,581327,397565,I'm Gonna Be a Wheel Someday,Fats Domino,1985,Confessions of a Sorority Girl,1994.0,,Im Gonna Be A Wheel Someday,fats domino david bartholomew roy hayes sheryl crow
138192,138192,562715,33160,When I'm A Rock 'n Roll Star (Reprise),David Cassidy,0,Boardwalk Empire,2010.0,A Dangerous Maid (#2.3),When Irish Eyes Are Smiling,ernest ball chauncey olcott george graff david mansfield entcho tochkov robert moose
138809,138809,719873,51560,You Can Make It If You Try,Yvonne Fair / James Brown,0,Creative Galaxy,2013.0,Dads Birthday Breakfast/Dads Restaurant Birthday (#2.1),Food Can Be Art,brian pickett david kelly graeme cornies james chapple voodoo highway music
139319,139319,132951,239835,Future Shock (ReMastered),Curtis Mayfield,2006,The Bobby Goldsboro Show,1973.0,(1973-12-15),Future Shock,curtis mayfield
141938,141938,490988,691873,Spirit In The Sky,Norman Greenbaum,1969,The Wolves of Kromer,1998.0,,Spirit in the Sky,norman greenbaum
142009,142009,227819,301842,Tom Sawyer,Rush,0,Top of the Pops,1964.0,(1981-11-05),Tom Sawyer,rush
143730,143730,939372,554357,After The Gold Rush (Album Version),Neil Young,2004,Neil Young Journeys,2011.0,,After The Gold Rush,neil young
144315,144315,795013,255194,Red Match Box,The Lafayette Afro Rock Band,0,The Match Game,1962.0,(#7.100),The MATCH GamE,the score production band
146119,146119,629119,394764,Rock Me Baby,Mighty Joe Young,0,Cocked,2015.0,,Rock N Roll Train,angus young malcolm young ac/dc
150012,150012,525929,671527,Good Bye my love,ZÌÁmbÌ_ Jimmy,1997,The Lost Boys,1987.0,,Good Times,george young harry vanda inxs jimmy barnes
150051,150051,506516,221005,Girls On Film (BBC Radio 1 Peter Powell Session (Recorded 19th June 1981_ Transmitted 11th August 1981)),Duran Duran,1981,Speed Grapher,2005.0,Okanekudasai (#1.22),Girls on Film,duran duran
153471,153471,678736,48664,Sunday Morning,Maroon 5,2002,Como uma Onda,2004.0,,Sunday Morning,maroon 5
154111,154111,577361,44359,It's Bigger Than Hip Hop (featuring Tahir and People's Army),Dead Prez,2000,Chappelles Show,2003.0,(#2.8),Bigger Than Hip Hop,dead prez
154791,154791,644417,331221,Let Me Talk To You - Acapella,KutMasta Kurt feat. Kool Keith & Motion Man,0,99 Homes,2014.0,,Let Me Down,keith jackson steven davis steve shelton the glass heroes
154889,154889,872892,517151,Ev'ry Time We Say Goodbye,Natalie Cole,2004,Lets Get Lost,1988.0,,Evry Time We Say Goodbye,cole porter
155070,155070,46297,556120,Evening Of Light (2007 Remastered LP Version),Nico,0,Nico Icon,1995.0,,Evening of Light,nico
157084,157084,942860,428522,Wonder,Megan McCauley,2005,Elektra,2005.0,,Wonder,megan rudloff will baker pete woodruff megan mccauley
158789,158789,495068,597841,The Wizard,Uriah Heep,1972,Roger Dean: Views,2001.0,,The Wizard,uriah heep
160144,160144,229335,236837,The Ballad Of The Brave Pink Knight,The Backyardigans,2006,The Backyardigans,2004.0,Knights Are Brave and Strong (#1.9),The Ballad of the Brave Pink Knight (Hey Uniqua),the backyardigans
160408,160408,231113,699472,Banned In DC,Bad Brains,1991,Tony Hawks Proving Ground,2007.0,,Banned in DC,bad brains paul h.r. hudson gary dr. know miller darryl jenifer
160437,160437,75922,210178,Thou Shalt Not Steal (Album Version),Dick & Dee Dee,0,Shindig!,1964.0,(#1.19),Thou Shalt Not Steal,dick dee dee
163355,163355,402726,659737,The Way You Look Tonight,The Golden Age Orchestra_ Paul SummeråÊ,0,The Filth and the Fury,2000.0,,My Way,paul anka  / jacques revaux  / claude franÃŒÂ¤ois   / gilles thibault the sex pistols arrangement with warner special products
166116,166116,209801,538945,Big Yellow Taxi (Remastered LP Version),Joni Mitchell,2004,Message to Love: The Isle of Wight Festival,1997.0,,Big Yellow Taxi,joni mitchell
166912,166912,219189,342630,Auld Lang Syne,Billy Vaughn Orchestra,2004,Alfie,2004.0,,Auld Lang Syne,the louis vause orchestra
176860,176860,516400,370013,The West (World),Peter Kater,2003,Blast from the Past,1999.0,,Its the End of the World As We Know It,michael stipe peter buck mike mills r.e.m.
177551,177551,714256,211426,Shake And fingerpop,Junior Walker,1996,Shindig!,1964.0,(#2.8),Shake and Fingerpop,junior walker lawrence horn and willie woods jr. walker the all stars
179710,179710,902923,419739,How Excellent Thy Name_ O Lord. Hallelujah (Chorus Of Israelites),George Frideric Handel,0,Dorfman,2011.0,,How Are You Doing?,eleni mandell inara george becky stark the living sisters
181664,181664,444737,683358,Boogie Fever,The Sylvers,1990,The Secret Disco Revolution,2012.0,,Boogie Fever,freddie perren kenneth st. louis the sylvers
181782,181782,809590,719711,Don't Worry Be Happy,Bobby McFerrin,1989,Welcome to Sarajevo,1997.0,,Dont Worry Be Happy,bobby mcferrin
182665,182665,921033,242521,That Old Black Magic,Glenn Miller & His Orchestra,1999,The Dodge Dancing Party,1955.0,Songs of the 40s (#17.21),That Old Black Magic,harold arlen the orchestra
185990,185990,495667,7782,A New Day,Lee Ritenour / Harvey Mason / Bob James,1993,Aenggeurimam,2015.0,Once You Return My Mom  Meet Me (#1.6),New Orleans Bass,lee joo-han
187899,187899,239048,552927,Never Let Down,Andrew W.K.,2003,Narco,2004.0,,Never Let Down,andrew w.k.
190066,190066,483358,706427,Sunday Bloody Sunday,U2,1980,U2 3D,2007.0,,Sunday Bloody Sunday,u2   / bono u2
191167,191167,712305,642606,New York_ New York (Main Theme),The Boston Pops Orchestra / John Williams,0,Thanks a Million,1935.0,,New Oleans,arthur johnston ramona    (piano vocal) with the kings men paul whiteman orchestra
194249,194249,746773,73385,I Can't Help It (If I'm Still In Love With You),Hank Williams,1951,Dolly,1987.0,(#1.15),I Cant Help it if Im Still in Love With You,hank williams brenda lee
197385,197385,764339,216325,To Build A Home,The Cinematic Orchestra,2007,So You Think You Can Dance,2005.0,1 of 8 Voted Off (#7.13),To Build a Home,patrick watson jason swinscoe phil france stella page the cinematic orchestra
198316,198316,457,140954,Mango Tree,Angus & Julia Stone,2006,Lockie Leonard,2007.0,New and Improved (#2.1),Mango Tree,angus stone julia stone angus
199259,199259,543248,702869,How Long Has This Been Going On?,Ray Charles / The Count Basie Orchestra,0,Trigger Trail,1944.0,,Long About Sundown,johnny marvin ray whitley the bar-6 cowboys
200608,200608,169347,542941,Just Squeeze Me (But Please Don't Tease Me),Jimmy Smith,0,Mo Money,1992.0,,Lets Just Run Away,lance alexander prof t. jimmy jam terry lewis johnny gill
202938,202938,527883,266677,Do You Only Love The Ones Who Look Like You,Molly Jenson & Jon Foreman,2006,The Secret Life of the American Teenager,2008.0,Shiny and New (#5.16),Lets Do It  Lets Fall in Love,cole porter dan foliart molly ringwald
203555,203555,849304,418568,Bizet: Carmen: C'est toi!,Georges Bizet,0,Domingo/Troyanos Met Gala Concert,1982.0,,Carmen: Act III PrÃŒÂ©lude,georges bizet
204329,204329,678131,299222,Goodbye Baby (Baby Goodbye),Van Morrison,1967,Top of the Pops,1964.0,(1977-06-30),Baby Dont Change Your Mind,van mccoy gladys knight the pips
205513,205513,441070,1018,Physical (Live At The Sydney Opera House),Olivia Newton-John,0,20 to 1,2005.0,Adults Only 20 to 1: Naughty Trends (#10.1),Physical,olivia newton-john steve kipner terry shaddick
206533,206533,453545,41770,I Just Want To Make Love To You,Willie Dixon,1989,Canadian Idol,2003.0,Top 8 Performances (#2.20),I Just Want to Make Love to You,willie dixon elena juatco
209079,209079,104386,379979,Bury the Evidence (Album version),Tricky,2001,Bully,2001.0,,Bury the Evidence,tricky i. broomfield
209936,209936,632456,381032,Mr. Crowley,Ozzy Osbourne,1980,By Dawn,2011.0,,Mr. Crowley,ozzy osbourne randy rhoads bob daisley arrangement with sony music licensing
211171,211171,13002,354142,The Grand Vizier's Garden Party (Entrance) (1994 Digital Remaster),Pink Floyd,0,Assault of Innocence,1975.0,,The Grand Viziers Garden Party (Entrance),pink floyd
211214,211214,820726,161171,Velocity Girl (Alt. Mix),Primal Scream,0,Music for Misfits: The Story of Indie,2015.0,Into the Mainstream (#1.3),Velocity Girl,bobby gillespie primal scream
212590,212590,793257,669138,Trouble Dub - FAMS Mix,Bob Marley & The Wailers,0,The Last Horseman,1944.0,,Trouble on the Range,cindy walker bob wills his texas playboys
213444,213444,357521,296786,Because I Love You (The Postman Song),Stevie B,1988,Todds Pop Song Reviews,2009.0,The Top Ten Worst Hit Songs of 1991 (#7.6),Because I Love You (The Postman Song),warren allen brooks stevie b
214249,214249,231517,133307,Quiero Tener La Sombra De Tu Cuerpo,Victor Manuel,1974,La tele de tu vida,2007.0,(#1.26),Quiero abrazarte tanto,vÃŒ_ctor manuel
214786,214786,104214,237224,Twenty Flight Rock,Eddie Cochran,1957,The Beatles Anthology,1995.0,,Twenty Flight Rock,ned fairchild eddie cochran
215212,215212,895017,10932,The Ballad Of Lucy Jordan,Marianne Faithfull,1979,American Horror Story,2011.0,Be Our Guest (#5.12),The Ballad of Lucy Jordan,shel silverstein marianne faithfull
215830,215830,914354,644330,Dreams Of The Everyday Housewife,Glen Campbell,1968,The 43rd Annual Academy Awards,1971.0,,Pieces of Dreams,michel legrand alan bergman marilyn bergman glen campbell
215859,215859,254305,685250,Long Tall Sally,Little Richard,1956,The Sound of Mumbai: A Musical,2010.0,,So Long  Farewell,richard rodgers
216561,216561,873011,380372,Funny How Time Slips Away,Johnny Tillotson,1995,Burlesque Assassins,2012.0,,My Funny Molotov,johnny summers chris andrew kodi hutchinson
217581,217581,689730,267685,Never Fall In Love,Dan Bern,1997,The Simpsons,1989.0,Gump Roast (#13.17),Theyll Never Stop the Simpsons,alf clausen dan castellaneta
218390,218390,630088,29291,Muda De Vida,Humanos,2004,Bem-Vindos a Beirais,2013.0,Rimas ForÃŒÂ¤adas (#4.171),Muda de Vida,antÃŒ_nio variaÃŒÂ¤ÃŒÂµes humanos
219860,219860,247529,362664,What Other Reason (2008 Digital Remaster),Johnny Hates Jazz,1987,Beauty,1998.0,,What the Heart Sees,geoff levin johnny pierce joanna adair christensen-pierce vanessa griaziano
221542,221542,543785,204590,Did You Ever Have To Make Up Your Mind [Live],John Sebastian,0,Scream Queens,2015.0,Pilot (#1.1),Have You Ever Really Loved a Woman? (uncredited),bryan adams robert john lange michael kamen
221681,221681,248698,728818,Tong Poo,Ryuichi Sakamoto,0,Yellow Magic Orchestra Live at NHK,2011.0,,TONG POO,ryuichi sakamoto
222826,222826,149838,719734,Cloud on my Tongue,Tori Amos,1994,Welcome to Sunny Florida,2004.0,,Cloud on My Tongue,tori amos
223731,223731,791828,388962,The Impression That I Get,The Mighty Mighty Bosstones,1996,Chasing Amy,1997.0,,The Impression That I Get,dicky barrett joe gittleman the mighty mighty bosstones arrangement with polygram film tv licensing
224220,224220,541671,225357,Main Title,Jerry Goldsmith,1966,Stargate SG-1,1997.0,Politics (#1.20),End Title,joel goldsmith
224891,224891,175676,588210,Sweet Georgia Brown (1991 Digital Remaster),The King Cole Trio,0,Radiofreccia,1998.0,,Sweet Home Alabama,ronnie van zant edward king gary rossington lynyrd skynyrd
224920,224920,314885,588210,Sweet Little Angel,B.B. King,1956,Radiofreccia,1998.0,,Sweet Home Alabama,ronnie van zant edward king gary rossington lynyrd skynyrd
225440,225440,808917,673911,No More Hate,Chris Decay,2010,The Misadventures of Margaret,1998.0,,The More I See You,mack gordon harry warren chris montez
226707,226707,387579,692102,Hey Little Girl,The Untamed Youth,0,The Work of Director Mark Romanek,2005.0,,Little Trouble Girl,sonic youth
228661,228661,812584,179096,Contigo Aprendi,Armando Manzanero,0,Passione,2010.0,(#1.1),Contigo Aprendi,armando manzanero cauby peixoto angela maria
228966,228966,360166,50982,Am I That Easy To Forget,Skeeter Davis,1995,Country Style  U.S.A.,1957.0,(#4.6),Am I That Easy to Forget,skeeter davis
230406,230406,237028,641275,Bizet: Carmen: Je vais danser en votre honneur,Georges Bizet,0,Tempo,1996.0,,Carmen: March of the Toreadors,georges bizet
233563,233563,928738,583495,I Get Lifted 2,Paul Johnson,0,Private Wars,1993.0,,Lets Get Ready To Rumble,bill wesley paul garces
233718,233718,461003,155437,Why Wont You,The Rogers Sisters,2006,MisteRogers Neighborhood,1968.0,1101: Death of a Goldfish (#3.36),Wont You Be My Neighbor?,fred rogers
236354,236354,740100,347387,Pan American Boogie,Wayne Raney,2005,American Temp,2001.0,,American Temp,wayne c. hopkins yvette cook the american temp band
236828,236828,97855,587166,Souvenir (Hard House Version),Orchestral Manoeuvres In The Dark,1998,Quixotes Island,2011.0,,Souvenir,orchestral manoeuvres in the dark paul humphreys martin cooper
238762,238762,618338,251143,Country Music In My Soul,George Hamilton IV & Sylvie,0,The L Word,2004.0,Left Hand of the Goddess (#3.12),Water Music,george frideric handel
239674,239674,690709,237994,New How Long How Long Blues - Part 2,Leroy Carr,0,The Betty Hutton Show,1959.0,Goldie Without Men (#1.29),How Long Blues,leroy carr betty hutton
241105,241105,799143,457711,I Believe,Misconduct / The Almighty Trigger Happy,2001,Grand Theft Auto: Liberty City Stories,2005.0,,I Believe,happy clappers c. scott g. ripley m. knotts m. topham
241430,241430,680861,493161,Born In Troubled Times,The John Scofield Band,2003,John Lennon Live in New York City,1986.0,,Born in a Prison,yoko ono the plastic ono elephants memory band
241632,241632,105630,493161,Born In The U.S.A.,Bruce Springsteen & The E Street Band,1984,John Lennon Live in New York City,1986.0,,Born in a Prison,yoko ono the plastic ono elephants memory band
242035,242035,545412,416824,This Is The Gospel Of Christ,Scott Wesley Brown,0,Diverso da chi?,2009.0,,This Is A Mans  Mans  Mans World,james brown betty newsome
246538,246538,495987,63828,Way Better Now,Speedmarket Avenue,2008,Degrassi: The Next Generation,2001.0,Heat of the Moment (#8.12),Way Better Now,isak klasson speedmarket avenue
247388,247388,449340,387500,Unnamed Blues,New Roanoke Jug Band,0,Cement,2000.0,,July Blues,joe ely the joe ely band
248794,248794,325161,78751,The Road To Hell,Chris Rea,1990,EastEnders,1985.0,(2001-11-09),The Road to Hell,chris rea
250399,250399,634453,33187,Rose Room,Harry James & His Orchestra,0,Boardwalk Empire,2010.0,A Return to Normalcy (#1.12),Rose Room,art hickman harry williams vince giordano his nighthawks orchestra  (as vince giordano the nighthawks)
250429,250429,582669,588223,The Passenger,Iggy Pop,1977,Radiofreccia,1998.0,,The Passenger,iggy pop
251384,251384,406834,327667,Down Along The Sheltering Palms,The Boswell Sisters,0,1941,1979.0,,Down by the Ohio,abe olman the andrews sisters
252070,252070,586637,75574,Cha-La Head-Cha-La (2005 Version Instrumental/DRAGON BALL Z Opening Theme),Kageyama Hironobu,0,Dragon Ball Z: Doragon bÃŒÂ«ru zetto,1989.0,SusamajÃŒÂ¨ hakuryoku!! Mita ka  GokÃŒÃˆ no furu pÃŒÂ¢wÃŒÂ¢ (#1.69),CHA-LA HEAD CHA-LA,chiho kiyooka hironobu kageyama
254815,254815,842801,69701,Blood Theme,Daniel Licht,2007,Dexter,2006.0,Scar Tissue (#8.4),Blood Theme,daniel licht
255794,255794,363570,420212,St. Anthony,The Sensational Alex Harvey Band,1972,Double Jeopardy,1999.0,,St. James Infirmary,spirit of new orleans brass band
260581,260581,532646,72187,Doce Vampiro,Rita Lee,1979,Doce Fugitiva,2006.0,(#1.282),Doce Fugitiva,rita pereira
262031,262031,764495,343943,Living In The U.S.A. (1991 Digital Remaster),Steve Miller Band,1991,All Things Must Pass: The Rise and Fall of Tower Records,2015.0,,Living in the USA,steve miller steve miller band
262045,262045,105630,343943,Born In The U.S.A.,Bruce Springsteen & The E Street Band,1984,All Things Must Pass: The Rise and Fall of Tower Records,2015.0,,Living in the USA,steve miller steve miller band
263601,263601,197448,714446,Lunatic Fringe (acoustic version),Tom Cochrane,1997,Vision Quest,1985.0,,Lunatic Fringe,red rider tom cochrane
264047,264047,277450,697013,Leaving Shire (2002 Digital Remaster),Bo Hansson,0,Tillsammans,2000.0,,Leaving Shire,bo hansson
264472,264472,247363,599874,One Day At A Time,Willie Nelson,1965,Ruckus,1980.0,,ONE DAY AT A TIME,willie nelson hank cochran janie fricke
268737,268737,91959,194976,Get Up Stand Up,Stellar Project Feat. Brandi Emma,2004,Rescue Special Ops,2009.0,Rescue in the Blue Mountains (#1.1),Get a Little Dirty,akinola / blease / jay the ironweed project
268968,268968,927301,250625,(She Put The)Wamee(On Me),Screaming Jay Hawkins,0,The King of Queens,1998.0,Knee Jerk (#8.16),I Put a Spell on You,screamin jay hawkins
270389,270389,419466,216299,I Got Ants In My Pants_ Part 1,James Brown,0,So You Think You Can Dance,2005.0,1 of 11 Voted Off (#7.7),I Got the Feelin,james brown
271984,271984,928738,367188,I Get Lifted 2,Paul Johnson,0,Big Fella,1937.0,,When I Get to Heaven,paul robeson   on the wharf
273868,273868,932690,600293,So Good,Spoonface & Wah Syndicate Feat. Janet Kay,0,Rumor Has It...,2005.0,,So Tired,russ morgan jack stuart kay starr
275427,275427,702281,491542,Short Shorts,The Royal Teens,1986,Jersey Boys,2014.0,,Short Shorts,bill crandall thomas austin bob gaudio bill dalton the royal teens
275846,275846,803855,406208,Thank You Love,Brian & Tony Gold,0,Date and Switch,2014.0,,Thank You For Being A Friend,andrew gold simon steadman charlton pettus nicholas braun
277169,277169,259742,234103,MuÌ©rdete la lengua,Francisca Valenzuela,2007,TeletÃŒ_n,1978.0,TeletÃŒ_n 2010: DÃŒ_a 2 (#23.2),MuÃŒÂ©rdete la lengua,francisca valenzuela
277938,277938,720348,530350,I Get A Kick Out Of You (Instrumental),Nat King Cole,0,Magnavox Presents Frank Sinatra,1973.0,,I Get a Kick Out of You,cole porter frank sinatra
278277,278277,566825,217726,King Of Pain,The Police,1983,So You Think You Can Dance,2005.0,Top 8 (#1.9),King of Pain,sting the police
279589,279589,94767,36061,Say What You Want,Sam Fox,1997,Britains Got More Talent,2007.0,2015: Live Semi-Final 4 (#9.11),What I Did for Love,david guetta giorgio tuinfort breyan stanley isaac jason evigan sam martin sean douglas emeli sandÃŒÂ©
280503,280503,822572,387834,Macarena,Los Del Sol,0,Chachi 420,1997.0,,Macarena,los del rÃŒ_o antonio romero rafael ruiz carlos de yarza mike triay
281652,281652,680861,378709,Born In Troubled Times,The John Scofield Band,2003,Bruce Springsteen: Born in the U.S.A.,1984.0,,Born In U.S.A.,bruce springsteen the e street band
282224,282224,462815,385569,Suzanne,Leonard Cohen,1967,Carry It On,1970.0,,Suzanne,leonard cohen
282313,282313,28746,256643,One Woman Man,Dave Hollister,2001,The Muppet Show,1976.0,Bernadette Peters (#2.12),Just One Person,larry grossman bernadette peters jim henson frank oz richard hunt dave goelz jerry nelson
282451,282451,247363,256643,One Day At A Time,Willie Nelson,1965,The Muppet Show,1976.0,Bernadette Peters (#2.12),Just One Person,larry grossman bernadette peters jim henson frank oz richard hunt dave goelz jerry nelson
283483,283483,868999,544941,White Rabbit,Jefferson Airplane,1967,Moonwalkers,2015.0,,White Rabbit,grace slick jefferson airplane
284199,284199,174812,576166,No Quarter,Jimmy Page / Robert Plant,2002,Physical Graffiti: A Classic Album Under Review,2008.0,,No Quarter,john paul jones jimmy page robert plant led zeppelin
287086,287086,520044,215929,Let The Music Play,G. Love / Ben Harper / Marc Broussard,2006,So You Think You Can Dance Canada,2008.0,Top 16 (#1.9),Let Me Leave,marc broussard
287791,287791,441070,537220,Physical (Live At The Sydney Opera House),Olivia Newton-John,0,Meet the Fockers,2004.0,,Physical,steve kipner terry shaddick olivia newton-john
288449,288449,877260,422826,The Christmas Song,Warren Hill,0,Duck Amuck,1953.0,,The Song of the Marines,harry warren daffy duck
290100,290100,671182,223603,Graveyard,Johnny Pearson,0,SpongeBob SquarePants,1999.0,Wet Painters/Krusty Krab Training Video (#3.10),Graveyard,johnny pearson
290617,290617,906406,188886,Oh Pretty Woman,Steve Cropper,1971,Punklandia,2008.0,Vaatteet on mun aatteet (#1.1),Pretty Vacant,steve jones glen matlock paul cook john lydon the sex pistols
291667,291667,853581,355505,Better Man,Narada Michael Walden,0,Automorphosis,2009.0,,Milk Man,zilla michael travis jamie janover aaron holstein
291819,291819,580169,330229,Crying,Roy Orbison,1962,50/50,2011.0,,Crying,roy orbison joe melson
291999,291999,713865,725097,Shut Up and Leave Me Alone,The Michael Stanley Band,0,Win a Date with Tad Hamilton!,2004.0,,Get Up,james michael taylor dayne
292007,292007,425256,725097,I'll Get By (As Long As I Have You),Harry James And His Orchestra,2006,Win a Date with Tad Hamilton!,2004.0,,Get Up,james michael taylor dayne
297497,297497,394547,350268,I Can Only Be Me (Album Version),Eva Cassidy,2002,Anita & Me,2002.0,,How Can I Be Sure,felix cavaliere edward brigati david cassidy
299095,299095,863795,457152,Nude Night,The Chemical Brothers,2003,Grand Theft Auto IV: The Ballad of Gay Tony,2009.0,,Nude Night,ed simons tom rowlands the chemical brothers
299388,299388,303023,150988,Words Get In The Way,Gloria Estefan,1989,Melrose Place,1992.0,Peanut Butter and Jealousy (#1.20),Words Get In The Way,gloria estefan
303299,303299,860278,382212,I'm A Believer,Neil Diamond,1967,Cactus Flower,1969.0,,Im A Believer,neil diamond
303754,303754,209407,173675,Sidewalks (Album Version),Story Of The Year,2003,One Tree Hill,2003.0,Somewhere a Clock Is Ticking (#2.16),Sidewalks (Acoustic Version),story of the year
304178,304178,110184,369817,Blood Is Pumpin,Voodoo & Serano,2001,Blade II,2002.0,,Blood is Pumping (Cold Blood),c.j. stone reinhard raith voodoo serano
304972,304972,462397,544012,Billies Bounce,Shelly Manne,0,Moneyball,2011.0,,Bounce To Dis,d.j. laz miranda fernando arrangement with shelly bay music
307138,307138,937335,533814,La Luna,Steve Roach & Robert Rich,0,Marilyn Hotchkiss Ballroom Dancing & Charm School,2005.0,,Bella Luna,robert j. walsh
307913,307913,563319,254416,A Swingin Safari,Bert Kaempfert And His Orchestra,2003,The Match Game,1962.0,(#1.46),A Swingin Safari (The Theme of The Match Game),bert kaempfert
307917,307917,557923,678618,What,Joey Baron feat. Arthur Blythe_ Ron Carter & Bill Frisell,1997,The Pirates of Penzance,1994.0,,What Ought We Do?,arthur sullivan susie french melissa langton anna butera
308841,308841,897120,425010,Dance Hall Days,Wang Chung,1983,Echelon Conspiracy,2009.0,,Dance Hall Days,wang chung
308885,308885,625289,103501,Draw Your Swords,Angus & Julia Stone,2010,Greys Anatomy,2005.0,Suicide Is Painless (#6.18),Draw Your Swords,angus julia stone
312634,312634,269961,398404,I Can't Fail,The Robert Cray Band,2010,Cop Land,1997.0,,I Cant Quit,robert cray the robert cray band arrangement with polygram film tv licensing
313158,313158,817784,363111,Just Have A Little Talk - Album Version,David Meece,0,Bedtime with Barney: Imagination Island,1994.0,,Just Imagine (Reprise),philip a. parker stephen white bob west hope cervantes pia manalo john david bennett ricky carter barry pearl julie johnson patty wirtz
314086,314086,782606,525579,The Funeral (Album Version),Band Of Horses,0,Love and Honor,2013.0,,The Funeral,band of horses benjamin bridwell christopher early timothy meining
316210,316210,57832,500215,The Man On The Flying Trapeze,Eddie Cantor,1994,Kid Millions,1934.0,,The Man on the Flying Trapeze,gaston lyle eddie cantor
316322,316322,754431,177294,My Funny Valentine,Miles Davis Quintet,1956,Parashat Ha-Shavua,2006.0,Bo (#2.4),My Funny Valentine,miles davis richard rodgers
319863,319863,227719,619048,Saturday Night,Jane Jensen,0,Slither,2006.0,,Saturday Night,jane jensen
321857,321857,502273,135756,What The World Needs Now Is Love,Burt Bacharach,1967,Late Show with David Letterman,1993.0,(#19.4),What the World Needs Now Is Love,burt bacharach the cbs orchestra
323051,323051,541890,660782,Akaka Falls,Arthur Lyman,0,The Freeway Maniac,1989.0,,Underwater Falls,arthur barrow robby krieger
323641,323641,478232,443175,Darling Don't You Worry,The Twinkle Brothers,0,Forever  Darling,1956.0,,Forever  Darling,bronislau kaper the ames brothers
325147,325147,174320,729093,Shoulda Seen It Comin',Mike Marshall & Chris Thile,2006,Yes: Symphonic Live,2002.0,,Ive Seen All Good People,jon anderson  : your move chris squire : all good people yes  with european festival orchestra
325365,325365,877546,504627,Dream Lover,Bobby Rydell,1993,Kustom Kar Kommandos,1970.0,,Dream Lover,bobby darin the paris sisters
327229,327229,602091,134668,Lonely Boy,Andrew Gold,1992,Late Night with Jimmy Fallon,2009.0,(#2.183),Lonely Boy,andrew gold the roots
327374,327374,241105,218586,Papagaio Do Futuro,Alceu ValenÌ¤a,1974,Som Brasil,2007.0,Alceu ValenÃŒÂ¤a (#3.5),Papagaio do Futuro,alceu valenÃŒÂ¤a silvÃŒÂ©rio pessoa
328573,328573,406259,711230,Last Time Out,The John Earl Walker Band,0,Valentines Day,2010.0,,Every Time You Smiled,john debney glen ballard carina round
330136,330136,719210,227381,Short Change Hero,The Heavy,2009,Strike Back,2010.0,Iraq: Part Two (#1.2),Short Change Hero,the heavy
331277,331277,112632,598671,Every Day When I Come Home I Expect To Find You Gone,Jim Bob,0,Ronnie Milsap: Live,2002.0,,Any Day Now,bob hilliard burt bacharach ronnie milsap
331870,331870,669448,277060,I Was A Teenage Anarchist (Album Version),Against Me!,0,The Tonight Show with Jay Leno,1992.0,(#18.68),I Was a Teenage Anarchist,tom gabel james bowman andrew seward george rebelo against me!
332030,332030,663657,146443,Canon In D Major,Johann Pachelbel,1977,Mad,2010.0,Twilight: Staking Dawn/Cookie Blue (#2.16),Canon in D,johann pachelbel
332796,332796,664145,386080,Hope No. 2,Grachan Moncur III / Roswell Rudd / Andrew Cyrille / Archie Shepp / Reggie Workman / Amiri Baraka,0,Casino Jack,2010.0,,Ballade No. 1  Op 23,frÃŒÂ©dÃŒÂ©ric chopin andrew burashko
333380,333380,385515,545824,Kummer,Stephan Remmler,2006,Mothers Meat Freuds Flesh,1984.0,,Kummer,stephan remmler gert kralle krawinkel trio
334841,334841,143210,573375,Travelin' Band,Creedence Clearwater Revival,1998,Pawn Sacrifice,2014.0,,Travellin Band,john fogerty creedence clearwater revival
338261,338261,12280,229679,Thank You Mr. Poobah ( Remastered 97' Version ),The Paul Butterfield Blues Band,0,SuperStar KZ,2003.0,(#1.15),Thank You,dido paul herman irina kotlyarova
338350,338350,281712,496284,Waltz From  Swan Lake,Pyotr Il'yich Tchaikovsky,0,Justice,2014.0,,Waltz of the Flowers,pyotr ilyich tchaikovsky
338933,338933,808143,311109,Blue suede shoes,Elvis Presley,1956,Vegas,2012.0,Estinto (#1.10),Blue Christmas,billy hayes jay johnson elvis presley
338971,338971,472807,311109,Christmas Lights,Wild Billy Childish & The Musicians of the British Empire,2007,Vegas,2012.0,Estinto (#1.10),Blue Christmas,billy hayes jay johnson elvis presley
339458,339458,318137,269502,I'm Gonna Love You (Soundtrack Version),Sonny & Cher,0,The Sonny and Cher Show,1976.0,(#1.8),Im Gonna Make You Love Me / My World Is Empty Without You,kenny gamble jerry ross also co-attributed to jerry williams leon huff  / brian holland lamont dozier eddie holland sonny bono cher
342884,342884,277117,151529,Pisando Fuerte,Alejandro Sanz,1991,MemÃŒ_ries de la tele,2007.0,(#3.30),Pisando fuerte,alejandro sanz ÃŒÃ›lex casademunt
343782,343782,690975,299929,British Hustle,Hi-Tension,1978,Top of the Pops,1964.0,(1978-08-31),The British Hustle,jeffrey guishard paul phillips hi-tension
348114,348114,216391,256519,I Call Him Holy,VIP Mass Choir featuring John P. Kee,0,The Monkees,1966.0,The Monkees in Paris (#2.22),Dont Call On Me,michael nesmith john london the monkees
349202,349202,278838,558947,Dance The Night Away,The Flying Pickets,1994,Noel Gallaghers High Flying Birds DallAlcatraz Di Milano,2011.0,,Half the World Away,noel gallagher noel gallaghers high flying birds
353544,353544,213947,41195,El Mono Relojero,Kapanga,1998,Campeones de la vida,1999.0,(#1.2),El mono relojero,kapanga
354607,354607,398841,78412,If I Could Turn Back The Hands Of Time,R. Kelly,1998,EastEnders,1985.0,(2000-08-29),If I Could Turn Back the Hands of Time,r. kelly
356538,356538,17932,305901,Human Being,The New York Dolls,1974,True Detective,2014.0,Church in Ruins (#2.6),Human Being,new york dolls
357598,357598,123877,511013,Little Girl Lost,Kris Kristofferson,1972,Lao pao er,2015.0,,Greenhouse Girl,kris wu cui jian
357838,357838,265893,483600,Ice Bound,Steve Lukather,2008,In Gods Hands,1998.0,,Glory Bound,shawn smith steve fisk pigeonhed
359803,359803,663657,603420,Canon In D Major,Johann Pachelbel,1977,Sanctuary,2008.0,,Canon in D major,johann pachelbel
359898,359898,178699,67799,Beautiful Day,Mary J. Blige,2001,Dennis the Menace,1959.0,Dennis and the Starlings (#1.28),Beautiful Dreamer,stephen foster mary wickes
361234,361234,160670,210345,I've Got A Woman,The Barbarians,0,Shindig!,1964.0,(#1.25),Youve Got to Understand,goehring kuntz the barbarians
362584,362584,830930,14266,Maple Leaf Rag,Scott Joplin,1971,Animaniacs,1993.0,Jokahontas/Boids on the Hood/Mighty Wakko at the Bat (#4.3),Maple Leaf Rag,scott joplin
366731,366731,378170,296702,Gotta Get Paid,John Brown,0,Todds Pop Song Reviews,2009.0,The Lazy Song (#2.11),Get Up Offa That Thing,james brown
367299,367299,79103,367949,MorgenblÌ_tter op. 279 (Walzer),AndrÌ© Rieu_ Johann Strauss Orchester,0,Bill and Coo,1948.0,,FrÃŒ_hlingsstimmen  Op. 410 (Voices of Spring),johann strauss
367558,367558,658428,66710,Um Caso Raro,PÌ_lo Norte,0,Deixa-me Amar,2007.0,(#1.26),Um caso raro,pÃŒ_lo norte
371231,371231,365456,318176,Trading Things In (Album Version),The Voluntary Butler Scheme,0,When Things Were Rotten,1975.0,,When Things Were Rotten,charles strouse artie butler
372662,372662,661615,44842,The Key To Her Ferrari,Thomas Dolby,1988,Chefs Table,2015.0,Niki Nakayama (#1.4),A Key For All The Rooms,thomas vanoosting
373310,373310,694045,235781,Concerto No 1 In B Flat Minor_ Op23: Third Movement - Allegro Con Fuoco,Van Cliburn,0,The Adventures of the Galaxy Rangers,1986.0,Progress (#1.14),No Guts  No Glory,john van tongeren phil galdston
374692,374692,187328,627524,Love Is A Many Splendored Thing,The Four Aces / Al Alberts,1991,St. Trinians,2007.0,,Love Is a Many Splendored Thing,sammy fain the four aces
375381,375381,796456,659158,(Let Me Up) I've Had Enough (Album Version),Kenny Wayne Shepherd Band,1995,The Fan,1996.0,, (LET ME UP) IVE HAD ENOUGH,kenny wayne shepherd mark selby joe nadeau arrangement with warner special products
375506,375506,567162,377463,In Dulci Jubilo,Mike Oldfield,1975,Britains Favourite Christmas Songs,2011.0,,In Dulce Jubilo,mike oldfield
375865,375865,91909,438075,Muffin Man,Harry Gregson-Williams,2004,Female,1933.0,,Old Man Sunshine (Little Boy Bluebird),harry warren
377035,377035,146405,376535,Pump Up The Jam,Technotronic,1989,Bride Wars,2009.0,,Pump Up The Jam,thomas de quincey manuela kamosi technotronic
377248,377248,351207,635579,Yeh Tu Kya Kar Rahela Hai,Sunidhi Chauhan,0,Sur: The Melody of Life,2002.0,,Tu Dil Ki Khushi,nida fazli m.m. keeravani lucky ali sunidhi chauhan
379617,379617,879415,301853,Tears Are Not Enough,ABC,0,Top of the Pops,1964.0,(1981-11-19),Tears Are Not Enough,abc
379785,379785,351640,165921,White Christmas,Bing Crosby,1942,Never Mind the Buzzcocks,1996.0,Merry Mind the Buzzcocks (#2.8),White Christmas,irving berlin bing crosby
383916,383916,562401,554497,My Heart Belongs To Only You,Bobby Vinton,1964,Nelson Mandela 70th Birthday Tribute,1988.0,,Unchain My Heart,bobby sharp teddy powell joe cocker
384523,384523,45719,4262,Bridal Chorus,Richard Wagner / Otto Sieben,1991,7th Heaven,1996.0,We Do (#7.18),Bridal Chorus,richard wagner
388050,388050,489310,465554,Why Do I Lie? (Pants On Fire Mix),Luscious Jackson,1997,Havoc,2005.0,,How Do U Want It,tupac shakur johnny jackson bruce fisher leon ware quincy jones
391982,391982,543785,576024,Did You Ever Have To Make Up Your Mind [Live],John Sebastian,0,Philadelphia,1993.0,,Have You Ever Seen The Rain,john fogerty spin doctors
392911,392911,473323,352883,Hello Central Give Me Heaven,Carter Family,0,Arizona Seaside,2007.0,,Hello L.A.,carter falco
393456,393456,273471,102854,Everybody Loves You,Jenn Grant,0,Greys Anatomy,2005.0,Hook  Line and Sinner (#6.20),Everybody Loves You,jenn grant
394401,394401,562715,588173,When I'm A Rock 'n Roll Star (Reprise),David Cassidy,0,Radio Unnameable,2012.0,,When First Unto this Country,david bromberg
397932,397932,25418,350734,Edgar The Party Man,John Gorka,1996,Annie Oakley,1935.0,,The Red Man,john philip sousa
398358,398358,123596,14977,Weird Science,Danny Byrd,2008,Annedroids,2013.0,An Android Space Odyssey (#2.5),Weird Science,danny elfman oingo boingo
399842,399842,591756,50688,Wild Out Day,Mike Ladd,2004,Countdown,1974.0,(#1.6),The Wild One,nicky chinn mike chapman suzi quatro
400143,400143,85167,574863,Big River (Featuring Johnny Cash and Waylon Jennings) (Album Version),Trick Pony (Featuring Johnny Cash and Waylon Jennings),2001,Permanent Record,1988.0,,Moon River,johnny mercer henry mancini
400170,400170,786422,694762,Thats All Right,Arthur Big Boy Crudup,0,This Is Elvis,1981.0,,Thats All Right Momma,arthur crudup
402590,402590,599174,267030,Salvavidas,Julieta Venegas,2000,The Shield,2002.0,Throwaway (#1.9),Salvavidas,julieta venegas
403483,403483,950966,302492,I'll Be There For You/ You're All I Need To Get By,Method Man / Mary J. Blige,0,Top of the Pops,1964.0,(1995-07-27),Ill Be There for You/Youre All I Need,nick ashford rza valerie simpson method man method man  feat mary j. blige
403665,403665,587867,302492,Ill Na Na,Foxy Brown / Method Man,0,Top of the Pops,1964.0,(1995-07-27),Ill Be There for You/Youre All I Need,nick ashford rza valerie simpson method man method man  feat mary j. blige
404459,404459,889993,678215,Deep In Your Mind (main mix),Kevin Yost,0,The Phantom Hour,2016.0,,Deep Noise,kevin macleod
405872,405872,909518,492903,The Little White Cloud That Cried,Johnnie Ray,1989,Joe the King,1999.0,,The Little White Cloud That Cried,johnnie ray
407425,407425,658428,65230,Um Caso Raro,PÌ_lo Norte,0,Deixa-me Amar,2007.0,(#1.119),Um caso raro,pÃŒ_lo norte
410403,410403,454297,295829,Somebody Loves Me,Paul Anka,0,Toast of the Town,1948.0,(#17.20),She Loves You,john lennon paul mccartney george harrison ringo starr
411346,411346,891949,36875,Getting Close,Dan Siegel,0,Broadchurch,2013.0,(#1.4),So Close,olafur arnalds arnor dan
412635,412635,944704,65855,CanÌ¤Ì£o Simples,Tiago Bettencourt,2007,Deixa-me Amar,2007.0,(#1.176),CanÃŒÂ¤ÃŒÂ£o simples,tiago bettencourt
412952,412952,824164,11683,Fear No Pain (Live At Austin City Limits Music Festival 2007),Willy Mason,0,American Idol: The Search for a Superstar,2002.0,Five Finalists Compete (#10.32),No Air,harvey mason jr. damon thomas james edward fauntleroy erik roger griggs mike scala steve russell jacob lusk
423256,423256,305782,351960,El DÌ_a Que Me Quieras,Carlos Varela,0,ApolÃŒÂ«nio Brasil  CampeÃŒÂ£o da Alegria,2003.0,,El DÃŒ_a Que Me Quieras,carlos gardel alfredo le pera
423582,423582,836623,451047,Hard Times,Patrick Wolf,2009,Getting Go  the Go Doc Project,2013.0,,Hard Times,patrick wolf
425215,425215,719731,492346,Georgia On My Mind,Ray Charles / The Count Basie Orchestra,0,Jimmy the C,1977.0,,Georgia on My Mind,hoagy carmichael stuart gorrell ray charles
431035,431035,489526,250211,Old Time Feeling,Johnny Cash;June Carter Cash,0,The Johnny Cash Show,1969.0,(#2.4),Pickin Time,johnny cash june carter cash
432717,432717,5223,493877,Um Gosto De Sol,Milton Nascimento,1972,Jorge  um Brasileiro,1988.0,,Jorge  Um Brasileiro,tÃŒÂ¼lio mourÃŒÂ£o ronaldo bastos milton nascimento
432923,432923,154465,137687,Good Morning Little School Girl ( LP Version ),The Paul Butterfield Blues Band,0,Levenslied,2011.0,(#2.2),Good Night,john lennon paul mccartney tijn docter hans dagelet choir
433158,433158,847838,137687,Black Night,Willie Nelson / Dr. John,2000,Levenslied,2011.0,(#2.2),Good Night,john lennon paul mccartney tijn docter hans dagelet choir
434749,434749,89508,202119,I Gotta Feeling (Edit),The Black Eyed Peas,2009,Saturday Night Live,1975.0,January Jones/Black Eyed Peas (#35.6),I Gotta Feeling,the black eyed peas fergie will.i.am taboo david guetta apl.de.ap frederic riesterer
435771,435771,177821,503430,Symphony No. 1 In C Minor Op. 68: Un Poco Allegretto e Grazioso,The London Fox Orchestra,0,Koi no tsumi,2011.0,,Symphony No 5 in C Sharp minior - IV. Adagietto,written b gustav mahler london symphony orchestra conducted by james depreist
437609,437609,491578,228893,Foul Play,The Robert Cray Band,0,Suits,2011.0,Unfinished Business (#3.3),Play It,robert fleming victory
438941,438941,457774,676060,I Am The Mercury,Jimmie Spheeris,0,The Ninth Cloud,2014.0,,I Am the Mercury,jimmie spheeris
439417,439417,927301,647570,(She Put The)Wamee(On Me),Screaming Jay Hawkins,0,The Ballad of Jack and Rose,2005.0,,I Put a Spell on You,screamin jay hawkins nina simone
441457,441457,440554,110289,Torn,Natalie Imbruglia,1997,Hinter Gittern - Der Frauenknast,1997.0,Unter Mordverdacht (#3.26),Torn,natalie imbruglia
446103,446103,692641,570953,Requiem for the Voiceless,Cathedral,2010,Paperhouse,1988.0,,Requiem,gabriel faurÃŒÂ© choristers of westminster cathedral
448990,448990,919109,145784,Deep,East 17,1992,MTV Star Trax,1996.0,East 17,Deep,tony mortimer east 17
451135,451135,639844,643581,Thriller,Michael Jackson,1982,The 10 Faces of Michael Jackson,2015.0,,Thriller,michael jackson rod temperton
455489,455489,825701,250057,(Sittin' On) The Dock Of The Bay,Otis Redding,1968,The Johnny Cash Show,1969.0,(#1.8),(Sittin on) The Dock of the Bay,otis redding steve cropper o.c. smith
457532,457532,647232,155043,The Time Is Now,WWE John Cena and Tha Trademarc,0,Miss Guided,2008.0,Pool Party (#1.5),Party Time,bob mair nick vincent richard trapp st. john
460312,460312,872527,279110,Man on,Alan Moorhouse Band,0,The Tonight Show with Jay Leno,1992.0,(#21.113),Soul Man,isaac hayes david porter the tonight show band
460476,460476,206809,165895,Stay Another Day,East 17,1994,Never Mind the Buzzcocks,1996.0,(#9.6),Stay Another Day,tony mortimer dominic hawken rob kean east 17
461613,461613,303539,518562,Live A Lie,Default,2001,Life as a House,2001.0,,Live a Lie,default
464560,464560,36978,691737,I've Got A Crush On You,New York Philharmonic;Zubin Mehta,0,The Wizard,1989.0,, (Youve Got It) The Right Stuff,maurice starr new kids on the block
464569,464569,684531,691737,You Got It (The Right Stuff),New Kids On The Block,1988,The Wizard,1989.0,, (Youve Got It) The Right Stuff,maurice starr new kids on the block
465818,465818,895622,339361,While My Guitar Gently Weeps (Live) (2004 Digital Remaster),George Harrison,0,Across the Universe,2007.0,,While My Guitar Gently Weeps,george harrison martin luther jim sturgess
466473,466473,807968,438649,Its A Good Day,Kay Starr,0,Fido,2006.0,,Its A Good Day,dave barbour peggy lee kay starr
467345,467345,920267,490827,Games People Play (2002 Digital Remaster),Joe South,2002,Jedermann Remixed,2011.0,,Games People Play,joe south hans theessink
470647,470647,913297,554264,Don't Play Rock,Ralph Myerz And The Jack Herren Band,2006,Neil Diamond: Hot August Night/NYC,2009.0,,Play Me,neil diamond the neil diamond band
470677,470677,491578,554264,Foul Play,The Robert Cray Band,0,Neil Diamond: Hot August Night/NYC,2009.0,,Play Me,neil diamond the neil diamond band
473107,473107,261446,158480,I'm The Urban Spaceman,The Bonzo Dog Doo Dah Band,1968,Monty Python: Almost the Truth - The Lawyers Cut,2009.0,The Not-So-Interesting Beginnings (#1.1),Im the Urban Spaceman,neil innes bonzo dog dooh dah band
474037,474037,699605,607552,Just Another Day,WWE John Cena and Tha Trademarc,0,Sea of Love,1989.0,,Another One Bites the Dust,john deacon
475613,475613,719873,22809,You Can Make It If You Try,Yvonne Fair / James Brown,0,Banshee,2013.0,Bullets and Tears (#2.10),You Make Me Feel (Mighty Real),james wirrick sylvester
477767,477767,660987,579947,Whatcha Gonna Do,Billie Davis,0,Pop Gear,1965.0,,Whatcha Gonna Do,chuck willis billie davis
477845,477845,771295,562650,Let Freedom Ring,Bill Whelan / Tsidii Le Loka / Eoghan O'Neill / Des Moore / Noel Heraty / Robbie Harris / The Amanzi Singers,2000,Oasis: Whats Your Story?,2010.0,,Let There Be Love,noel gallagher oasis
479035,479035,884603,240562,If...,The Bluetones,1998,The Chart Show,1986.0,(1998-04-18),If...,adam devlin eds chesters mark morriss scott morriss the bluetones
480852,480852,470933,403042,I Ran (So Far Away) (Die Krupps Remix),A Flock Of Seagulls,2004,Da Kath & Kim Code,2005.0,,I Ran (So Far Away),frank maudsley paul reynolds ali score michael score a flock of seagulls
481122,481122,836678,322402,Mr. Blue Sky - Live,Electric Light Orchestra (ELO),0,You Bet Your Life,1950.0,(#2.30),Blue Skies,irving berlin television orchestra under the leadership of buddy collette
481394,481394,596718,161123,Oh What A Night,The Dells,1962,Music Scene,1969.0,(#1.3),Oh What a Night,marvin junior johnny funches the dells
481489,481489,602517,450622,See The Day,Girls Aloud,2005,Get Girls Alouds Style,2007.0,,See the Day,girls aloud
481541,481541,669211,194459,Don't Sit Under The Apple Tree,Glenn Miller,1969,Remember When...,1981.0,The Birds and the Bees,Dont Sit Under the Apple Tree,glenn miller
482177,482177,415535,210981,Let Forever Be (2003 Digital Remaster),The Chemical Brothers,2008,Shindig!,1964.0,(#1.5),Let It Be Me,gilbert bÃŒÂ©caud pierre delanoÃŒÃ‡ mann curtis the everly brothers
482224,482224,254622,210981,Medley: Let It Be Me / Give Peace A Chance [The Everly Brothers Show - 1970],The Everly Brothers,0,Shindig!,1964.0,(#1.5),Let It Be Me,gilbert bÃŒÂ©caud pierre delanoÃŒÃ‡ mann curtis the everly brothers
483374,483374,588078,287974,First Forget,Gary P. Nunn,0,The X Factor,2004.0,Live Shows 1 (#7.11),Never Forget,gary barlow take that
483405,483405,888308,376749,Crazy In Love,BeyoncÌ© feat. Jay-Z,2003,Bridget Jones: The Edge of Reason,2004.0,,Crazy in Love,beyoncÃŒÂ© knowles
487000,487000,674042,60682,You'll Lose A Good Thing,Carla Thomas,2006,Danville 2nd Ward Young Men,2008.0,Youth Conference 2013 (#5.9),Lose Yourself to Dance,thomas bangalter guy-manuel de homem-christo pharrell williams nile rodgers daft punk dallin earl jaren garff
487274,487274,823457,269997,The Deadly Nightshade,Daniel Lanois,2005,The Sopranos,1999.0,Mayham (#6.3),The Deadly Nightshade,daniel lanois
487735,487735,667635,236264,Moon River,Henry Mancini & His Orchestra,1961,The Andy Williams Show,1962.0,(#5.1),Moon River,henry mancini andy williams
488438,488438,786481,314150,American Pageant,US Air Force Band of Flight,0,WCW Monday Nitro,1995.0,(#1.2),American Made,jimmy hart jj maguire hulk hogan the wrestling boot band
488867,488867,242326,564012,A Brand New Day,Diana Ross / Michael Jackson / Nipsey Russell / Ted Ross / Richard Pryor / Lena Horne / Mabel King / Thelma Carpenter / Theresa Merritt,1988,Oklahoma!,1999.0,,Many A New Day,richard rodgers josefina gabrielle
489969,489969,731966,191729,Communication Breakdown  (Album Version),Led Zeppelin,1969,Rage,1987.0,The Church Guest Program Rage,Communication Breakdown,jimmy page john paul jones john bonham led zeppelin
490430,490430,944704,66545,CanÌ¤Ì£o Simples,Tiago Bettencourt,2007,Deixa-me Amar,2007.0,(#1.238),CanÃŒÂ¤ÃŒÂ£o simples,tiago bettencourt
492851,492851,382766,430724,Hey Ma,Cam'Ron / Juelz Santana / Freekey Zeekey / Toya,2003,End of Watch,2012.0,,Hey Ma,camron juelz santana darryl pittman lionel richie freekey zeekey toya
493826,493826,325479,210021,Symphony No. 9 In D Minor_ Op. 125; lll Adagio Molto E Cantabile,Ludwig van Beethoven,0,Shin Seiki Evangerion,1995.0,The Beginning and the End  or Knockin on Heavens Door (#1.24),Symphony No. 9   Fourth Movement,ludwig van beethoven
494193,494193,773261,616096,Little Brown Jug,The Clark Sisters,0,Sing Street,2016.0,,Brown Shoes,john carney gary clark graham henderson carl papenfus ken papenfus zamo riffman ferdia walsh-peelo
494590,494590,752124,317282,Danger Zone,Kenny Loggins,1986,Welcome to the Basement,2012.0,Top Gun,Danger Zone,giorgio moroder tom whitlock kenny loggins
495418,495418,921252,267032,Fe,Julieta Venegas,2000,The Shield,2002.0,Throwaway (#1.9),Fe,julieta venegas
495471,495471,179431,389234,Cant You Find Another Way Of Doing It Baby,Sam & Dave,0,Che goh ha tin yau yee sing,2002.0,,Cant Afford To Love,jovi theng dave wong
495510,495510,443042,443572,I Feel The Earth Move,Carole King / James Taylor,1971,Foul Play,1978.0,,I FEEL THE EARTH MOVE,carole king
497020,497020,91909,98603,Muffin Man,Harry Gregson-Williams,2004,Glee,2009.0,Hold on to Sixteen (#3.8),Man in the Mirror,glen ballard siedah garrett cory monteith mark salling chord overstreet kevin mchale darren criss harry shum jr. the glee cast
498559,498559,960689,47581,Mind Games (I Promise) (Anthology Version),John Lennon,0,Cold Case,2003.0,Mind Games (#6.18),Mind Games,john lennon
499142,499142,284415,220077,Angels (Live At The Forum),Robbie Williams,1998,Sos mi vida,2006.0,CapÃŒ_tulo 123 (#1.123),Angels,robbie williams
499637,499637,640273,565504,Snowdon Song,Tony Caro and John,0,One Direction: The Inside Story,2014.0,,Best Song Ever,wayne hector john ryan ed drewett julian bunetta one direction
500215,500215,674182,277251,Hey Angel,Michael Stanley Band,0,The Tonight Show with Jay Leno,1992.0,(#19.133),Hey There Delilah,tom higgenson the tonight show band
501236,501236,229666,675259,End Title (Remastered LP Version) (Awakenings - Original Motion Picture Soundtrack),Randy Newman,0,The Natural,1984.0,,The End Title,randy newman
504670,504670,91648,528178,Dark Matter,Andrew Bird,2006,MacGruber,2010.0,,Dark Matter,andrew bird
506195,506195,632548,210580,Hound Dog,Willy DeVille,2002,Shindig!,1964.0,(#1.34),Hound Dog,jerry leiber mike stoller willy nelson
507359,507359,410149,102837,Where You Belong,Blank & Jones,2008,Greys Anatomy,2005.0,Heres to Future Days (#5.23),Where The Road Meets The Sun,katie herzig matthew perryman jones
508797,508797,291320,680453,My Wonderful Friend (Astralasia Mix),Transmutator,1997,The Rage: Carrie 2,1999.0,,My Wonderful Friend,romell regulacion transmutator
508941,508941,464517,293476,It Mek,Desmond Dekker & The Aces,1980,This Is England 86,2010.0,(#1.2),Ah It Mek,desmond dekker
512531,512531,616860,241741,Itsy Bitsy Teenie Weenie Yellow Polka Dot Bikini,Brian Hyland,1960,The Darling Buds of May,1991.0,Stranger at the Gates: Part 1 (#2.3),Itsy Bitsy Teenie Weenie Yellow Polka Dot Bikini,paul vance lee pockriss brian hyland
512617,512617,869483,198959,Sex Over the Phone,Village People,1985,Rude Tube,2008.0,Rom Dotcom (#6.3),Sex Over the Phone,jacques morali bruce vilanch fred zarr the village people
513152,513152,355364,723749,Whoops Apocalypse,John Otway,0,Whoops Apocalypse,1988.0,,WHOOPS APOCALYPSE,john otway
513264,513264,868421,391192,The New Machine,Chris Whitley,2003,Chris Whitley: Scrapyard,2001.0,,New Machine,chris whitley
514106,514106,215284,24585,Jingle Bells (Album Version),Boney James,0,Baywatch,1989.0,Silent Night  Baywatch Night: Part 2 (#5.12),Jingle Bells,james pierpont
515247,515247,765155,395343,The Seed (2.0),The Roots / Cody Chestnutt,2007,Collateral,2004.0,,The Seed 2.0,cody chesnutt tarik collins trotter the roots
516460,516460,572128,416687,The Great Deceiver,Willard Grant Conspiracy,2008,Disturbia,2007.0,,The Great American Napkin,willard matthews the summer skinny
516529,516529,491475,598601,She Blinded Me With Science (US Mix),Thomas Dolby,2007,Romy and Micheles High School Reunion,1997.0,,She Blinded Me with Science,thomas dolby joseph kerr
516883,516883,317551,5968,Me Abrace (AbrazamÌ©),Wanessa,0,A Favorita,2008.0,(#1.1),Me Abrace (AbrÃŒÃzame),thullio wanessa camargo camila
518322,518322,833824,302743,Trail Song Medley - Coloradio Trail_ Twilight On the Trail_ Navajo Trail_ Riding Down the Canyon_ Blue Shadows On the Tail,Michael Martin Murphey,0,Top of the Pops,1964.0,(1996-01-04),Earth Song,michael jackson
519388,519388,851104,373510,Ain't No Cure For Love,Leonard Cohen,1988,Boogie Nights,1997.0,,Aint No Stoppin Us Now,gene mcfadden john whitehead jerry cohen mcfadden whitehead
520356,520356,417722,189518,I Want To Tell You (Live) (2004 Digital Remaster),George Harrison,0,Quarterlife,2007.0,Finding a Voice (#1.5),Dont Want To Work It Out,wlaysewski weisbach george the attorneys
522866,522866,167266,386096,I Smell Trouble,Buddy Guy,1994,Casino Jack and the United States of Money,2010.0,,I SMELL A RAT,buddy guy
523014,523014,475038,185463,Todo O Amor Que Houver Nessa Vida,Cazuza,1993,Por Toda Minha Vida,2006.0,Cazuza (#3.1),Todo o Amor Que Houver Nessa Vida,cazuza frejat barÃŒÂ£o vermelho
523448,523448,662609,417711,Marie's Mood,Walter Trout,1997,Dog Pounded,1954.0,,Melancholy Mood,walter schumann
524189,524189,830930,280560,Maple Leaf Rag,Scott Joplin,1971,The Two Ronnies,1971.0,(#4.6),Maple Leaf Rag (Satchmo),scott joplin swingle ii
524906,524906,234455,35927,Last Song,Andrea Centazzo,0,Britains Got More Talent,2007.0,(#9.2),Orvilles Song,bobby crush andrea
525775,525775,690514,423449,TRUE,Spandau Ballet,1983,Duplex,2003.0,,TRUE,gary kemp spandau ballet
528842,528842,338134,42853,Zapatillas,El Canto del Loco,2005,Casal Rock,2009.0,MissiÃŒ_ Sant Jordi (#2.3),Zapatillas,david otero chema ruiz jandro velÃŒÃzquez el canto del loco
529310,529310,382771,208611,Take The Money And Run,Steve Miller Band,1976,Shameless,2011.0,Survival of the Fittest (#3.12),The Money Goes,the reverend peytons big damn band
531606,531606,560938,534169,Could You Be Loved,Bob Marley & The Wailers,1995,Marley,2012.0,,Could You Be Loved,bob marley the wailers
534913,534913,366493,284395,One Week (Live 5/01/04 Glasgow),Barenaked Ladies,0,The West Wing,1999.0,College Kids (#4.3),One Week,barenaked ladies
535477,535477,931196,366519,High Noon,Tex Williams & Tex Ritter,0,Beyond the Pecos,1945.0,,High  Wide and Handsome,tex ritter and ted choate ray whitley his 6-bar cowboys
535927,535927,81334,372122,Dear God - I Go To Church On Sunday,Patsy Cline,0,Bluebird,2013.0,,Dear God,patsy cline pappy stewart
537069,537069,702210,149494,Love Is All Around (The Mary Tyler Moor Show Theme),Sonny Curtis,0,Mary Tyler Moore,1970.0,The Good-Time News (#3.1),Love Is All Around,sonny curtis
537258,537258,316847,118167,Senorita,Justin Timberlake,2003,Idols,2002.0,Grand Final (#3.31),Senorita,justin timberlake chad hugo pharrell williams gift gwe
538047,538047,45719,423347,Bridal Chorus,Richard Wagner / Otto Sieben,1991,Dummy,2002.0,,Bridal Chorus (Here Comes the Bride),richard wagner
539971,539971,267690,166268,You're a whore,Bad Cash Quartet,1998,New Tricks,2003.0,Loyalties and Royalties (#5.4),Youre a Real Wild Woman,bad faith dennis waterman
541949,541949,20771,235347,Off The Wall,James Cotton,0,The Actress,2010.0,The Photographer (#2.8),Back Off Move Away (Treasure Fingers Remix),james curd
544751,544751,950339,335104,Dead Anyway,Thomas Newman,2005,A Perfect Day,2009.0,,Still Dead,thomas newman
544771,544771,606384,335104,Population Dead,David Newman,2005,A Perfect Day,2009.0,,Still Dead,thomas newman
545148,545148,748739,493120,Used To Love U,John Legend,2004,John Legend: Live at the House of Blues,2005.0,,Used To Love You,john legend
546508,546508,383407,338783,Good Things Come My Way,Wayne Wonder,2004,Abroad with Two Yanks,1944.0,,The Things That Mean So Much To Me,ben raleigh bernie wayne
547423,547423,577289,431375,De Vuelta A Casa,Mercromina,1995,Entre vÃŒ_as,1995.0,,DE VUELTA A CASA,mercromina
547950,547950,842597,226175,This Ain't A Love Song,Bon Jovi,1995,Stars in Their Eyes,1990.0,(#8.6),This Aint a Love Song,jon bon jovi richie sambora desmond child david burrows
548031,548031,297484,226175,This Heaven (Live In Gdansk),David Gilmour,0,Stars in Their Eyes,1990.0,(#8.6),This Aint a Love Song,jon bon jovi richie sambora desmond child david burrows
548577,548577,563162,97679,White Sky,Vampire Weekend,2010,Glastonbury 2010,2010.0,,White Sky,vampire weekend
550883,550883,913176,584977,Fuckin Zombies,Secretions,2003,Punk Rock Holocaust,2004.0,,Fuckin Zombies,the secretions
551411,551411,203636,659787,Geld,Falco,1999,The Final Curtain: The Ultimate Best of Falco Videos,1999.0,,Geld,falco
552121,552121,540099,442936,Reggae Romance,Steve Young,0,Forbidden Sun,1989.0,,Strange Romance,marcus myers simon laffy steve phypers tom ashton hard rain
556038,556038,956132,649563,Fever,Little Willie John,1956,The Big Town,1987.0,,FEVER,otis blackwell eddie cooley little willie john
558351,558351,215989,556568,New York 19,John Lewis & Svend Asmussen,0,Night of 100 Stars,1982.0,,New York  New York,john kander fred ebb liza minnelli
559187,559187,877553,609506,When I Pull Up At The Club,Three 6 Mafia feat. Paul Wall,0,Seven Brides for Seven Brothers,1954.0,,When Youre in Love,gene de paul jane powell howard keel
559918,559918,278273,11939,Where Did Our Love Go,Lamont Dozier,0,American Idol: The Search for a Superstar,2002.0,The Clean Dozen (#2.16),Where Did Our Love Go,lamont dozier brian holland eddie holland julia demato
562280,562280,253385,91103,So In Love,Peggy Lee,1996,Fraggle Rock,1983.0,Dont Cry Over Spilt Milk (#1.10),Feel So Bad,philip balsam dennis lee steve whitmire dave goelz kathryn mullen karen prell
566622,566622,481898,212559,Todo es mentira,CafÌ© Quijano,2003,Silicon Valley,2014.0,Signaling Risk (#1.5),Todo Mi Vida,pueblo cafÃŒÂ©
567658,567658,805034,396041,When I Paint My Masterpiece (Live) (2001 Digital Remaster),The Band With Bob Dylan,0,Comedian,2002.0,,When I Paint My Masterpiece,bob dylan the band
