Column1,_id,ltable_id,rtable_id,ltable_title,ltable_artist_name,ltable_year,rtable_title,rtable_year,rtable_episode,rtable_song,rtable_artist_name,gold
172,172,740031,487873,Richter Scale Madness,...And You Will Know Us By The Trail Of Dead,1998,Its All Gone Pete Tong,2004,,Ritcher Scale Madness,and you will known us by the trail of dead,1
190,190,793988,350918,Day Tripper,Nancy Sinatra,1966,Another Gay Sequel: Gays Gone Wild!,2008,,Another Gay Sunshine Day,nancy sinatra,0
200,200,384331,238323,Testing 1_ 2_ 3 (Album Version),Barenaked Ladies,2003,The Big Bang Theory,2007,The Leftover Thermalization (#8.18),History of Everything (Instrumental version),barenaked ladies,0
241,241,682167,384500,Children Of The Future,Steve Miller Band,1968,Captain Milkshake,1970,,Children of the Future,steve miller+the steve miller band,1
446,446,813762,95059,All I Know,The Pigeon Detectives,2007,Gavin & Stacey,2007,(#2.7),I Found Out,the pigeon detectives,0
452,452,586556,79955,Setting Sun (2003 Digital Remaster) (Feat. Noel Gallagher),The Chemical Brothers Featuring Noel Gallagher,2008,Egos & Icons,1997,Oasis,Setting Sun,tom rowlands+ed simons+noel gallagher+the chemical brothers,1
465,465,545027,362190,Looking Down The Barrel Of A Gun (DJ Moe Love Remix),Beastie Boys,2000,Beastie Boys: Video Anthology,2000,,Looking Down the Barrel of a Gun,the beastie boys,1
559,559,696952,235961,Have I Told You Lately That I Love You,Kitty Wells & Roy Drusky,0,The Aliens,2016,(#1.3),The Things I Might Have Been,kitty wells,0
562,562,288397,317436,Life Goes On,TURNING POINT,0,Weltber_hmt in _sterreich - 50 Jahre Austropop,2006,Die Szenen der Szene (#2.1),Life Is Going On,turning point,1
579,579,53553,239195,I'm Sorry But I'm Beginning To Hate Your Face,Eagle Seagull,2007,The Blacklist,2013,Milton Bobbit (No. 135) (#1.18),Im Sorry  But Im Beginning To Hate Your Face,eagle seagull,1
625,625,521603,471116,Woman By My Side,Peter Ram,0,Hit for Six,2007,,Woman by my Side,peter ram,1
634,634,462355,630433,O Mio Babbino Caro from Gianni Schicchi,Kiri Te Kanawa;John Pritchard;The London Philharmonic Orchestra,0,Stiff Upper Lips,1998,,O mio babbino caro,giacomo puccini+the brt philharmonic orchestra,1
670,670,73772,230813,Pikkuneiti ja vaari,Juice Leskinen,1993,Syksyn s_vel,1968,Syksyn s_vel  karsitut (#10.2),Anne ja Jacques,juice leskinen,0
686,686,456261,525716,Searching For A Heart,Warren Zevon,1991,Love at Large,1990,,Searching For A Heart,warren zevon,1
691,691,813177,92215,I Don't Want To Be,Gavin DeGraw,2003,Friday Night Football,2002,Round 23: Richmond vs North Melbourne (#14.27),I Dont Want to Be,performed by gavin degraw,1
692,692,814868,301333,Reach Out And Touch (Somebody's Hand) (Live),Diana Ross,1989,Top of the Pops,1964,(1980-11-20),Im Coming Out,diana ross,0
783,783,563319,254595,A Swingin Safari,Bert Kaempfert And His Orchestra,2003,The Match Game,1962,(#2.40),A Swingin Safari (The MATCH GamE),bert kaempfert,1
786,786,89508,199252,I Gotta Feeling (Edit),The Black Eyed Peas,2009,Rugby League: Challenge Cup,2007,Fourth Round: Huddersfield vs. St Helens (#8.1),I Gotta Feeling,will.i.am+apl.de.ap+taboo+fergie+david guetta+the black eyed peas,1
798,798,799421,153534,Mickey Mouse Clubhouse Theme,They Might Be Giants,2008,Mickey Mouse Clubhouse,2006,Minnie and Daisys Flower Shower (#3.28),Mickey Mouse Clubhouse theme,they might be giants,1
850,850,872553,677853,Cello Concerto No. 2 in D Major_ Hob. VIIb/2: III. Allegro,Bamberg Symphony Orchestra,0,The People vs. George Lucas,2010,,Symphony No.3 in E flat major Eroica  Op.55,moscow symphony orchestra in the great hall of the moscow conservatory,0
897,897,280974,666801,The Girl From Ipanema,Antonio Carlos Jobim / Stan Getz,0,The Intern,2015,,The Girl From Ipanema,antonio carlos jobim+norman gimbel+vinicius de moraes+astrud gilberto,1
913,913,119274,489341,You Can't Rollerskate In A Buffalo Herd,Roger Miller,0,Jackass 3D,2010,,You Cant Rollerskate in a Buffalo Herd,roger miller,1
964,964,345856,528937,A Still Life Franchise (Album Version),Less Than Jake,0,Madden NFL 2007,2006,,Still Life Franchise,less than jake,1
969,969,646522,627089,Run Around,Blues Traveler,1997,Spun,2002,,Run Around,blues traveler,1
1016,1016,873780,450341,I'll Be Your Mirror,The Velvet Underground / Lou Reed,1966,Georgia,1995,,ILL BE YOUR MIRROR,lou reed,1
1024,1024,216250,503610,Have You Ever Seen The Rain?,John Fogerty,0,Kong Curling,2011,,Have you ever seen the rain,john fogerty,1
1048,1048,892274,44186,Pencil Full Of Lead (Radio Edit),Paolo Nutini,2009,Champion of Champions,2013,2015: Day Two - Part 2 (#3.4),Pencil Full of Lead,paolo nutini,1
1093,1093,240709,299624,Wuthering Heights,Kate Bush,1977,Top of the Pops,1964,(1978-03-16),Wuthering Heights,kate bush,1
1095,1095,368537,185294,Ghostbusters,Ray Parker Jr,1984,Pop Up Video,1997,Movie Magic 1: Movie Theme Songs (#2.59),Ghostbusters,ray parker jr.,1
1113,1113,773250,281180,You Give Love A Bad Name,Bon Jovi,1986,The Vampire Diaries,2009,Graduation (#4.23),You Give Love a Bad Name,jon bon jovi+desmond child+richie sambora+bon jovi,1
1119,1119,543165,645863,Go West,Village People,1979,The Adventures of Priscilla  Queen of the Desert,1994,,Go West,jacques morali+henri belolo+victor willis+the village people,1
1151,1151,845516,152813,Te Quiero Tanto_ Tanto,Onda Vaselina,1998,Mi pequea traviesa,1997,,Te Quiero Tanto Tanto,guillermo mndez gui_+la onda vaselina,1
1154,1154,453218,67333,Saia Indiscreta,Filarm_nica Gil,0,Deixa-me Amar,2007,(#1.82),Saia indiscreta,filarm_nica gil,1
1174,1174,160521,702337,Che Cosse' L'amor,Vinicio Capossela,2010,Tre uomini e una gamba,1997,,Che coss lamor,vinicio capossela,1
1253,1253,602739,688627,Cantique (XXX Version),Die Form,0,The Tunnel,2001,,Cantique 1,die form,1
1268,1268,139536,196424,Trash Day (Parody of 'Hot In Herre' by Nelly),Weird Al' Yankovic,2003,Robot Chicken,2005,The Munnery (#2.12),Weasel Stomping Day,weird al yankovic,0
1306,1306,240489,681253,Louie Louie,Richard Berry,0,The Return of Sherlock Holmes,1987,,Louie  Louie,richard berry,1
1317,1317,344072,320229,The Nutcracker Op.71-atto 2 - Chinese Dance,Pyotr Il'yich Tchaikovsky,0,Without a Trace,2002,Copy Cat (#2.5),Arabian Dance,pyotr ilyich tchaikovsky,0
1339,1339,187047,520093,Living For The City,Stevie Wonder,1973,Little Girl Blue,1974,,Living for the City,stevie wonder,1
1436,1436,632964,167566,Y ahora voy a salir (Ranxeira),Mago de Oz,2007,No disparen al pianista,2007,(#1.7),Y ahora voy a salir,mago de oz,1
1542,1542,704974,287654,It's The Same Old Song/Reach Out I'll Be There,Boyz II Men,2007,The X Factor,2004,Live Results Show 3 (#4.16),Its the Same Old Song,brian holland+lamont dozier+eddie holland+boys ii men,1
1544,1544,652056,575223,Left To My Own Devices (Live At The Mermaid Theatre),Pet Shop Boys,0,Pet Shop Boys: A Life in Pop,2006,,Left to my own devices,neil tennant+chris lowe+pet shop boys,1
1568,1568,730682,428638,Waltz Of The Flowers From  Nutcracker,Pyotr Il'yich Tchaikovsky,0,Elf,2003,,The Nutcracker Suite  Op.71a,pyotr ilyich tchaikovsky+the brian setzer orchestra,0
1645,1645,880887,301989,I Can Dream About You,Dan Hartman,1984,Top of the Pops,1964,(1985-08-22),I Can Dream About You,dan hartman,1
1666,1666,474274,142658,There She Goes_ My Beautiful World (Amsterdam),Nick Cave & The Bad Seeds,0,Lowdown,2010,Cooper Scooper (#1.5),There She Goes  My Beautiful World,nick cave+the bad seeds,1
1705,1705,368997,13390,No lo digo por nada,Alejandro Sanz,2007,Amores verdaderos,2012,Striptease (#1.40),No me compares,alejandro sanz,0
1711,1711,663657,162475,Canon In D Major,Johann Pachelbel,1977,My Name Is Earl,2005,Kept a Guy Locked in a Truck (#2.14),Canon in D,johann pachelbel,1
1731,1731,778322,361608,Soul Makossa,Manu Dibango,1972,Battle of the Year,2013,,Soul Makossa,manu dibango,1
1736,1736,873042,558678,Your English is Good,Tokyo Police Club,2007,Nobody,2009,,Your English Is Good,josh hook+graham wright+greg alsop+dave monks+tokyo police club,1
1745,1745,394428,330290,Cantata No. 4 Christ Lay in the Bonds of Death BWV 4: Final Chorale  With Loving Hearts We Keep Today the Feast God Hath Us Given,Johann Sebastian Bach,0,53 d_as de invierno,2006,,Musical Offering BWV 1070 (Trio),johann sebastian bach+pere bardag_+manuel mart_nez del fresno+dani espasa+nelia sanchis,0
1805,1805,899940,613507,My Prayer Rug (w/ JB & JE),Odd Nosdam,0,Shout Gladi Gladi,2015,,My Prayer Rug,odd nosdam,1
1884,1884,732385,30313,Pink Panther Theme,Henry Mancini,1998,Bi no tsubo,2006,Ayu (#1.282),The Pink Panther Theme,henry mancini,1
1966,1966,45322,602680,Oye Como Va - Andy BopH Remix,Tito Puente Jr. ft India,0,Salsa,1988,,Oye Como Va,tito puente,1
2090,2090,776463,139021,Stop The Cavalry,Jona Lewie,1980,Lindenstrae,1985,Heute kommt der Weihnachtsmann (#1.786),Stop the Cavalry,jona lewie,1
2123,2123,780663,674375,Mr. Mudd and Mr. Gold (live),Townes Van Zandt,0,The Motel Life,2012,,Mr. Mudd and Mr. Gold,townes van zandt,1
2156,2156,252756,446315,Subterranean Homesick Blues,Bob Dylan,1965,Frogs for Snakes,1998,,Subterranean Homesick Blues,bob dylan,1
2168,2168,443145,213652,Impromtu No. 2 in A-Flat Major_ Op. 142,Sviatoslav Richter_ Franz Schubert,0,Six Feet Under,2001,The Plan (#2.3),Opus 29  No. 1  Andante,franz schubert,0
2195,2195,408463,173286,Hold You In My Arms,Ray LaMontagne,2004,One Tree Hill,2003,Lifetime Piling Up (#2.20),Hold You In My Arms,ray lamontagne,1
2202,2202,654650,268010,Cats In The Cradle,Harry Chapin,2010,The Simpsons,1989,Labor Pains (#25.5),Cats in the Cradle,harry chapin+sandy chapin,1
2206,2206,663893,345331,Higher State Of Consciousness,Josh Wink,0,Als wir tr_umten,2015,,Higher State of Conciousness,josh wink,1
2230,2230,76235,22294,2 Bad,Michael Jackson,1995,Banda sonora,2007,(#5.3),Bad,michael jackson,1
2272,2272,879071,667865,Two Little Orphans,Dolly Parton & Lynn Anderson,2003,The Kennedy Center Honors: A Celebration of the Performing Arts,2006,,Little Sparrow,dolly parton,0
2294,2294,623145,604592,Maybe I'm Amazed,Paul McCartney,1970,Saturday Night Live: 40th Anniversary Special,2015,,Maybe Im Amazed,paul mccartney,1
2300,2300,106567,698684,Suite Bergamasque (arr. For Harp And Oboe): Claire De Lune,Claude Debussy,0,Tokyo Sonata,2008,,Claire de Lune,claude debussy,1
2308,2308,225366,447564,In Private,Paul McCartney,2007,Funny People,2009,,In Private,paul mccartney,1
2344,2344,9771,65591,Solta,Pedro Khima,2007,Deixa-me Amar,2007,(#1.151),Solta,pedro khima,1
2350,2350,942598,490684,Zehn kleine Klavierst_cke_ Op. 12: No. 1_ March,Sergei Prokofiev,0,Je suis le seigneur du chteau,1989,,Alexander Nevskii  Op. 78: Cantate,sergei prokofiev,0
2351,2351,120695,357899,What Do You Have To Do (To Stay OnThe Right Side Of Love),The Supremes / Four Tops,0,Bad Company: The Official Authorised 40th Anniversary Documentary,2014,,Loving You Is Sweeter Than Ever,ivory joe hunter+stevie wonder+paul rodgers+the four tops,0
2406,2406,944704,66715,Can_o Simples,Tiago Bettencourt,2007,Deixa-me Amar,2007,(#1.27),Can_o simples,tiago bettencourt,1
2469,2469,699989,304944,New Orleans (Album Version),Willy DeVille,2009,Treme,2010,Meet De Boys on the Battlefront (#1.2),New Orleans,willy deville,1
2645,2645,247188,447629,Mass in B Minor BWV 232: Gratias Agimus,Johann Sebastian Bach,0,Fur: An Imaginary Portrait of Diane Arbus,2006,,Sonata in E Minor,johann sebastian bach,0
2660,2660,45719,594193,Bridal Chorus,Richard Wagner / Otto Sieben,1991,Ricki and the Flash,2015,,Bridal Chorus,richard wagner,1
2684,2684,572509,462939,Cathedral Wedding Song,Richard Wagner / Otto Sieben,0,Hana,2003,,Wedding March,richard wagner,1
2692,2692,618260,300003,I Want Candy,The Count Bishops,0,Top of the Pops,1964,(1978-10-12),I Want Candy,bert berns+bob feldman+jerry goldstein+richard gottehrer+the count bishops,1
2725,2725,877636,471276,The Count (aka Herv) And Lily Face The Fear,Lily Allen,2009,Hits,2014,,The Fear,lily allen,1
2746,2746,82643,362230,Remote Control,Beastie Boys,1998,Beastie Boys: Video Anthology,2000,,Remote Control,the beastie boys,1
2753,2753,400218,140714,St. Thomas,Sonny Rollins Quartet,0,Livshunger,2002,(#1.6),SAINT THOMAS,sonny rollins,1
2783,2783,912980,367933,Body And Soul,The Benny Goodman Sextet,0,Bill W.,2012,,Body & Soul,benny goodman,1
2799,2799,753265,226944,Trio C-Moll f_r Flauto Traverso Violine_ Violoncello und Cembalo aus dem 'Musikalischen Opfer' BWV 1,Johann Sebastian Bach,0,Street Fighter: The Animated Series,1995,So  You Want to Be in Pictures (#2.5),Toccata and Fugue in D Minor  BWV 565,johann sebastian bach,0
2801,2801,815775,226944,Cantata No. 80 A Mighty Fortress Is Our God BWV 80: Chorale_ Cantata No. 80 The Word of God will firm abide against our foes assailing,Johann Sebastian Bach,0,Street Fighter: The Animated Series,1995,So  You Want to Be in Pictures (#2.5),Toccata and Fugue in D Minor  BWV 565,johann sebastian bach,0
2887,2887,301342,585299,Step On (Twisting My Melon Mix),Happy Mondays,2007,Pure Oasis,1996,,Step On,happy mondays,1
2891,2891,130033,24017,Swan Lake_ Op. 20: Danse espagnole,Pyotr Ilyich Tchaikovsky_ Vasily Petrenko_ Pyotr Ilyich Tchaikovsky_ Vasily Petrenko_ Royal Liverpool Philharmonic Orchestra,0,Batman,1966,The Devils Fingers (#2.15),Danse Arabe,pyotr ilyich tchaikovsky+liberace,0
2922,2922,818718,206447,Me Perfuma,Los Autnticos Decadentes,1991,SesioneS con Alejandro Franco,2007,Los Autnticos Decadentes,Me tiro a la basura,los autnticos decadentes,0
2930,2930,900065,582985,Mambo De Chatanooga,Prez Prado,0,Primary Colors,1998,,SILBANO MAMBO,dmaso prez prado,0
2931,2931,251001,498064,Thank You (Precious Memories Album Version),Ray Boltz,0,Karla Faye Tucker: Forevermore,2004,,Thank You,ray boltz,1
2948,2948,922930,61629,Het Voetbalstadion (Catootje),Andr van Duin,0,De Flip Fluitketel show,1980,,Lach om het Leven,andr van duin,0
2952,2952,628572,395230,Theme from The Magnificent Seven,Elmer Bernstein,0,Cold Turkey,1971,,Theme from The Magnificent Seven,elmer bernstein,1
2957,2957,399025,168843,Can You Hear Me,Keaton Simons,2008,Novel Adventures,2008,The Fab Four (#1.2),Can You Hear Me,keaton simons,1
2970,2970,814634,597131,I Wish I Could Shimmy Like My Sister Kate,Preservation Hall Jazz Band,0,Rock and Roll Hall of Fame Live: Feelin Alright,2009,,I Cant Turn You Loose,otis redding+little richard+mick jagger+the rock hall jam band,0
2995,2995,517764,477118,Wagner: Der fliegende Hollander (The Flying Dutchman): Wirst du des Vaters Wah lnicht schelten? - Dutchman_ Senta,Richard Wagner,0,Hugo Pool,1997,,The Flying Dutchman,richard wagner,1
3024,3024,798785,648975,Marching To The Killing Rhythm (Album Version),Darkest Hour,0,The Big Bounce,2004,,Marching To The Killing Rhythm,darkest hour,1
3034,3034,96347,733174,Wildlife Analysis,Boards of Canada,1996,i,2004,,Wildlife Analysis,boards of canada,1
3061,3061,395215,27231,Se me vais deixar,Tony Carreira,2008,Belmonte,2013,(#1.204),E Agora Tu Vais (Vais Deixar a Minha Vida),tony carreira,0
3072,3072,86129,516705,Les toiles du cinma,Francis Lai,1996,Les trois glorieuses,2010,,Les toles du cinma,francis lai,1
3074,3074,845499,516705,La Course du livre _ travers les champs,Francis Lai,1996,Les trois glorieuses,2010,,Les toles du cinma,francis lai,0
3098,3098,474764,190043,Nervos De A_o (1994 Digital Remaster),Paulinho Da Viola,0,Queridos Amigos,2008,(#1.1),Nervos de A_o,lupic_nio rodrigues+paulinho da viola,1
3105,3105,98350,600739,Quizas_ Quizas_ Quizas (Perhaps_ Perhaps_ Perhaps) (2003 Digital Remaster),Nat King Cole,0,Running with Scissors,2006,,Quizas  Quizas  Quizas (Perhaps  Perhaps  Perhaps),osvaldo farrs+nat king cole,1
3138,3138,563596,343466,Bellini: Il Pirata: Che rechi tu?,Vincenzo Bellini,0,All About Steve,2009,,Casta Dive Che Inargenti from Norma,vincenzo bellini,0
3155,3155,932741,388965,Turn The Beat Around,Vicki Sue Robinson,1976,Chasing Amy,1997,,My Stomp  My Beat,gerard mcmahon+vicki sue robinson,0
3165,3165,674293,129533,Will You Dance?,Janis Ian,2004,Kishibe no arubamu,1977,,Will You Dance?,janis ian,1
3210,3210,372252,14403,Carmen Suite: Intermezzo,Georges Bizet,1993,Animaniacs,1993,O Silly Mio/Puttin on the Blitz/The Great Wakkorotti: The Summer Concert (#1.31),Carmen - Chanson du Toreador,georges bizet,0
3217,3217,815775,552368,Cantata No. 80 A Mighty Fortress Is Our God BWV 80: Chorale_ Cantata No. 80 The Word of God will firm abide against our foes assailing,Johann Sebastian Bach,0,Naked As We Came,2013,,Overture (Suite) No. 3 in D major  BWV 1068 - II. Air,johann sebastian bach+,0
3218,3218,173252,552368,Symphony No. 1 In B-Flat Major_ Op 9,Johann Sebastian Bach,0,Naked As We Came,2013,,Overture (Suite) No. 3 in D major  BWV 1068 - II. Air,johann sebastian bach+,0
3234,3234,857719,45719,Furr,Blitzen Trapper,2008,Chuck,2007,Chuck Versus the DeLorean (#2.10),Furr,blitzen trapper,1
3308,3308,400595,90672,The Way It Is,Bruce Hornsby and the Range,1986,Formula 1: BBC Sport,2009,The British Grand Prix: Highlights (#2.30),The Way It Is,bruce hornsby+john hornsby+the range,1
3452,3452,702210,149364,Love Is All Around (The Mary Tyler Moor Show Theme),Sonny Curtis,0,Mary Tyler Moore,1970,Christmas and the Hard-Luck Kid II (#1.14),Love Is All Around,sonny curtis,1
3455,3455,842597,302069,This Ain't A Love Song,Bon Jovi,1995,Top of the Pops,1964,(1986-09-04),You Give Love a Bad Name,jon bon jovi+richie sambora+desmond child+bon jovi,0
3456,3456,773250,302069,You Give Love A Bad Name,Bon Jovi,1986,Top of the Pops,1964,(1986-09-04),You Give Love a Bad Name,jon bon jovi+richie sambora+desmond child+bon jovi,1
3519,3519,608887,240877,Everybody Wants You (Live) (24-Bit Digitally Remastered 05),Billy Squier,2005,The Closer,2005,Standards and Practices (#1.13),Everybody Wants You,billy squier,1
3547,3547,421328,182189,You'll Never Walk Alone,Richard Rodgers_ Oscar Hammerstein II,1994,Playing the Field,1998,(#2.7),Youll Never Walk Alone,richard rodgers+oscar hammerstein ii+lesley sharp+john thomson+melanie hill+adele mccormack+james nesbitt+ricky tomlinson+debra stephenson+tom moore+tracy whitwell+ralph ineson+marsha thomason+emma rydal,1
3557,3557,900434,102288,Take The A Train,Duke Ellington And His Orchestra,1969,Great Railway Journeys,1994,Singapore to Bangkok (#3.7),Take the A Train,billy strayhorn+duke ellington orchestra  (as duke ellington+his orchestra),1
3577,3577,426868,8694,Scherzo Fantastique_ Op. 3,Igor Stravinsky,0,Aleph  lectures contades,1999,Anton Txkhov,Scherzo a la russe,igor stravinsky,0
3628,3628,921814,433906,Salm - 2nd Movement,New Zealand Symphony Orchestra / William Southgate,0,Everything You Want,2005,,1st Movement,antonio vivaldi+the moscow international symphony orchestra,0
3648,3648,453218,67453,Saia Indiscreta,Filarm_nica Gil,0,Deixa-me Amar,2007,(#1.93),Saia indiscreta,filarm_nica gil,1
3650,3650,614429,386717,The Winding Staircase,New Radiant Storm King,2006,Catch and Release,2006,,The Winding Staircase,new radiant storm king,1
3688,3688,764342,231926,Alice's Theme,Danny Elfman,2010,Tales from the Crypt,1989,Till Death Do We Part (#5.13),Tales from the Crypt Theme,danny elfman,0
3777,3777,9771,65481,Solta,Pedro Khima,2007,Deixa-me Amar,2007,(#1.141),Solta,pedro khima,1
3781,3781,218449,5000,Dominos,The Big Pink,2009,90210,2008,Let the Games Begin (#4.4),Dominos,the big pink,1
3793,3793,94690,17999,Polka Power!,Weird Al Yankovic,1999,Atop the Fourth Wall,2008,The Culling: Superboy #9 (#6.32),The Hot Rocks Polka,weird al yankovic,0
3826,3826,347954,227527,The Imperial March,The Boston Pops Orchestra / John Williams,0,Studio C,2012,(#6.10),The Imperial March (Darth Vaders Theme),john williams,1
3832,3832,798089,227527,Love Theme,The Boston Pops Orchestra / John Williams,0,Studio C,2012,(#6.10),The Imperial March (Darth Vaders Theme),john williams,0
3846,3846,905861,542578,Piano Sonata (moonlight) N.14 In C Sharp Minor Op.27 N.2 : Adagio Sostenuto,Ludwig van Beethoven,0,Mission: Impossible III,2006,,String Quartet in C Minor  Op. 18 No. 4,ludwig van beethoven+kodaly quartet+arrangement with source/q,0
3847,3847,325479,542578,Symphony No. 9 In D Minor_ Op. 125; lll Adagio Molto E Cantabile,Ludwig van Beethoven,0,Mission: Impossible III,2006,,String Quartet in C Minor  Op. 18 No. 4,ludwig van beethoven+kodaly quartet+arrangement with source/q,0
3850,3850,578269,286790,Clubbed To Death [Kurayamino Variation],Rob Dougan,0,The X Factor,2004,Auditions 4 (#3.4),Clubbed to Death,rob dougan,1
3867,3867,552483,634035,Energy Spent,Liam Finn,2007,Summer Coda,2010,,Energy Spent,liam finn,1
3872,3872,177085,120288,Brown Sugar,The Rolling Stones,1971,Independent Lens,1999,Muscle Shoals (#15.17),Brown Sugar,mick jagger+keith richards+the rolling stones,1
3880,3880,752469,534804,I Saw Her Standing There,Paul McCartney,1990,Mask,1985,,I Want to Hold Your Hand,paul mccartney  / john lennon+the beatles,0
3888,3888,130033,477142,Swan Lake_ Op. 20: Danse espagnole,Pyotr Ilyich Tchaikovsky_ Vasily Petrenko_ Pyotr Ilyich Tchaikovsky_ Vasily Petrenko_ Royal Liverpool Philharmonic Orchestra,0,Huhtikuu on kuukausista julmin,1983,,Symphonie no. 6 h-Moll Pathtique / Sinfonia nro 6 h-molli Pateettinen sinfonia op. 74,pyotr ilyich tchaikovsky,0
3900,3900,317521,294583,The Ride Of The Valkyries_ Op.wwv86b : Overture,Richard Wagner,0,Tiny Toon Adventures,1990,Brave Tales of Real Rabbits (#1.59),Lohengrin - Overture to the 3rd Act,richard wagner,0
3959,3959,285588,442215,Life Of Illusion,Foo Fighters,2003,Foo Fighters: Back and Forth,2011,,All My Life,foo fighters,0
4038,4038,400896,654637,Missing,Bruce Springsteen,1996,The Crossing Guard,1995,,Missing,bruce springsteen,1
4089,4089,839072,159151,The Entertainer,Scott Joplin,1971,Movie Guide,2013,Movie Guide: Part 5 (#1.5),The Entertainer,scott joplin,1
4098,4098,541775,634316,We Want Some Pussy (Liberty City Long Hard Mix),The 2 Live Crew,2002,Summerhood,2008,,We Want Some Pussy,luther campbell+brother marquis+mr. mixx+fresh kid ice+2 live crew,1
4104,4104,187328,612482,Love Is A Many Splendored Thing,The Four Aces / Al Alberts,1991,Shifshuf Naim,1981,,Love is a Many Splendored Thing,sammy fain+lyrics by paul francis webster+the four aces,1
4111,4111,392001,25940,Comfortably Numb (Album Version),Scissor Sisters,2004,Being Human,2008,Where the Wild Things Are (#1.5),Comfortably Numb,the scissor sisters,1
4182,4182,248894,447216,Salm - 1st Movement,New Zealand Symphony Orchestra / William Southgate,0,Full Frame,2015,,Symphony #6 - Movement 4,pyotr ilyich tchaikovsky+rfcm symphony orchestra,0
4198,4198,746274,388013,Posh Girls,Scouting for Girls,2010,Chalet Girl,2011,,Posh Girls,scouting for girls,1
4215,4215,921265,608655,Dance To The Music,Sly & The Family Stone,1968,Semi-Pro,2008,,Dance To The Music,sly stone+sly+the family stone  (as sly+the family stone)+arrangement with sony bmg music entertainment,1
4293,4293,355393,604011,Wait,Sarah McLachlan,1993,Sarah McLachlan: Mirrorball,1999,,Wait,sarah mclachlan,1
4311,4311,798089,21002,Love Theme,The Boston Pops Orchestra / John Williams,0,BBC Proms,2011,Prom 38: Film Music Night (#1.12),Hedwigs Theme,john williams,0
4323,4323,293377,562937,Crazy Lowdown Ways,Ocean Colour Scene,2001,Ocean Colour Scene: Filmed from the Front Row,2001,,Crazy Lowdown Ways,ocean colour scene,1
4387,4387,222429,8737,Symphony No. 3 In C Major_ Andante,Trondheim Symphony Orchestra,0,Aleph  lectures contades,1999,Franz Kafka,Piano Concerto No. 1,bla bart_k+london symphony orchestra,0
4401,4401,16377,8737,Concerto for Orchestra (Zoroastrian Riddles) (1996)/3. Adagio non troppo,David Zinman;Pittsburgh Symphony Orchestra,0,Aleph  lectures contades,1999,Franz Kafka,Piano Concerto No. 1,bla bart_k+london symphony orchestra,0
4435,4435,658428,66790,Um Caso Raro,P_lo Norte,0,Deixa-me Amar,2007,(#1.33),Um caso raro,p_lo norte,1
4440,4440,794575,198948,No One Knows,Queens Of The Stone Age,2002,Rude Tube,2008,Planet Fail (#8.1),No One Knows,queens of the stone age,1
4578,4578,712305,354238,New York_ New York (Main Theme),The Boston Pops Orchestra / John Williams,0,Astrix & Oblix: Mission Cloptre,2002,,Darth Vaders Theme (Imperial March),john williams,0
4629,4629,579155,723977,Family Fun Day,The Slovak National Symphony Orchestra,0,Why We Ride,2013,,The Whole Family Rides,steven gutheinz+czech national symphony orchestra,0
4653,4653,235066,242935,Don't Worry,Marty Robbins,1961,The Drifter,1965,The Saloon,Dont Worry,marty robbins,1
4749,4749,372252,111022,Carmen Suite: Intermezzo,Georges Bizet,1993,Histeria!,1998,The Wheel of History (#1.17),Carmen - March of the Toreadors,georges bizet,0
4773,4773,897241,582183,Looking for paradise (Feat. Alicia Keys) (Pedro del Moral_ John Jacobsen & Anzwer Remix),Alejandro Sanz,0,Premios Principales 2010,2010,,Looking for Paradise,alejandro sanz,1
4786,4786,385889,3412,I'm Your Boogie Man,White Zombie,2003,666 Park Avenue,2012,A Crowd of Demons (#1.5),Im Your Boogie Man (Sex On The Rocks Remix),white zombie,1
4884,4884,659419,257411,Those Lazy_ Hazy_ Crazy Days Of Summer (1990 Digital Remaster),Nat King Cole,1994,The Nat King Cole Show,1954,(#1.10),Crazy Rhythm,joseph meyer+roger wolfe kahn+nat king cole,0
4892,4892,345743,301111,Greatest Cockney Rip-Off,Cockney Rejects,0,Top of the Pops,1964,(1980-05-08),The Greatest Cockney Rip-Off,cockney rejects,1
4895,4895,924244,638778,Safety Dance,Men Without Hats,1992,Take Me Home Tonight,2011,,Safety Dance,ivan doroschuk+men without hats,1
4957,4957,853279,551163,William Tell Overture,Arthur Fiedler;Boston Pops Orchestra,0,Mythica: The Darkspore,2015,,Tell Me,nathaniel drew+kristen marie jensen+the salt lake pops orchestra,0
5033,5033,500255,560716,Sometimes I See,Sophie B. Hawkins,1994,Now and Then,1995,,As I Lay Me Down,sophie b. hawkins+arrangement with sony music licensing,0
5055,5055,648460,26081,Eras Tu (A Metade De Mim),Tony Carreira,0,Belmonte,2013,(#1.100),E Agora Tu Vais (Vais Deixar a Minha Vida),tony carreira,0
5077,5077,446116,548136,Creole Rhapsody,Duke Ellington & His Famous Orchestra,2005,Murder at the Vanities,1934,,Second Hungarian Rhapsody,franz liszt+gertrude michael+duke ellington orchestra,0
5088,5088,532209,463739,A Year & A Day,Neal Casal,2009,Happy End.,2005,,Free Light of Day,neal casal,0
5097,5097,570972,17621,The Four Seasons - Spring - Allegro,Antonio Vivaldi,1989,Atop the Fourth Wall,2008,Comic Book Quickies #3 (#7.25),The Four Seasons: Spring,antonio vivaldi,1
5104,5104,169555,367944,Suite Ana Magdalena,Johann Sebastian Bach,0,Bill W.,2012,,Unaccompanied Cello Suite No. 6 in D Major  BWV 1012- Gavotte I/II,johann sebastian bach+yo-yo ma+arrangement with sony music licensing,0
5109,5109,173252,367944,Symphony No. 1 In B-Flat Major_ Op 9,Johann Sebastian Bach,0,Bill W.,2012,,Unaccompanied Cello Suite No. 6 in D Major  BWV 1012- Gavotte I/II,johann sebastian bach+yo-yo ma+arrangement with sony music licensing,0
5176,5176,94542,689293,Emergency Performance Art Piece,The Most Serene Republic,2006,The Untitled Work of Paul Shepard,2010,,Emergency Performance Art Piece,the most serene republic,1
5180,5180,784182,733512,El Rey Del Glam,Alaska Y Dinarama,1988,ԍԍԍA tope!!!,1984,,Rey del Glam,carlos garc_a berlanga+nacho canut+a. d_az+alaska y dinarama,1
5184,5184,812033,482578,Domenica Bestiale,Fabio Concato,1982,Il ladro di bambini,1992,,Domenica bestiale,fabio concato,1
5210,5210,807416,702620,Canta_ Canta_ Canta,Jos Alfredo Jimenez Con Acompaamiento Del Mariachi Vargas De Tecalitlan,0,Tres palomas alborotadas,1963,,Canta  Canta  Canta,jos alfredo jimnez+elvira quintana+mar_a duval+lucha villa,1
5218,5218,866719,260989,Here You Come Again,Dolly Parton,1977,The Porter Wagoner Show,1961,Bashful Brother Oswald (#1.501),I Will Always Love You,dolly parton,0
5226,5226,21187,260989,I Will Always Love You,Dolly Parton and Vince Gill,2004,The Porter Wagoner Show,1961,Bashful Brother Oswald (#1.501),I Will Always Love You,dolly parton,1
5236,5236,175293,260989,Living On Memories Of You,Dolly Parton,1974,The Porter Wagoner Show,1961,Bashful Brother Oswald (#1.501),I Will Always Love You,dolly parton,0
5273,5273,798089,596629,Love Theme,The Boston Pops Orchestra / John Williams,0,Robot Chicken: Star Wars Episode III,2010,,The Imperial March (Darth Vaders Theme),john williams,0
5274,5274,852804,596629,March,The Boston Pops Orchestra / John Williams,0,Robot Chicken: Star Wars Episode III,2010,,The Imperial March (Darth Vaders Theme),john williams,0
5336,5336,604910,179226,Fighting 17th,Hans Zimmer,1991,Pastor Mike Online,2011,(#1.40),Fighting 17th,hans zimmer,1
5344,5344,876213,45857,England Swings,Roger Miller,0,Chuck,2007,Chuck Versus the Subway (#3.18),England Swings,roger miller,1
5377,5377,786348,721892,Love In Bloom,Spike Jones & His City Slickers,2006,When Time Expires,1997,,LOVE THOSE LAZY DAYS,sam winans+the la city slickers,0
5393,5393,169555,583687,Suite Ana Magdalena,Johann Sebastian Bach,0,Professor Norman Cornett,2009,,1re Suite pour violoncelle-Prelude,johann sebastian bach+matt haimovitz,0
5464,5464,45719,656744,Bridal Chorus,Richard Wagner / Otto Sieben,1991,The Divorcee,1930,,Bridal Chorus (Here Comes the Bride),richard wagner,1
5477,5477,484715,605828,Human Beat Box,Fat Boys,0,Scarface: The World Is Yours,2006,,Human Beat Box,the fat boys,1
5493,5493,700034,215648,Ronnie Biggs Interviews Steve & Paul 1978 - Live,Sex Pistols,0,So It Goes,1976,(#1.10),Anarchy in the U.K. (Live),the sex pistols,0
5526,5526,730682,427439,Waltz Of The Flowers From  Nutcracker,Pyotr Il'yich Tchaikovsky,0,El lince perdido,2008,,Waltz de El Lago de los Cisnes,pyotr ilyich tchaikovsky,1
5540,5540,60025,471985,The Mighty Quinn (Quinn_ The Eskimo),Bob Dylan,1991,Hollow Reed,1996,,The Mighty Quinn (Quinn the Eskimo),bob dylan,1
5551,5551,379037,214026,Rocket Man (I Think It's Going To Be A Long_ Long Time),Elton John,1976,Skeppsholmen,2002,(#1.6),Come Down in Time,elton john,0
5585,5585,706119,240998,Better Move It On Home,Porter Wagoner & Dolly Parton,2009,The Collection,2006,The Collection: Dolly Parton (#1.48),Welcome Home,dolly parton,0
5609,5609,394224,177620,Love Is A Dirty Word,Jason Collett,2010,Parenthood,2010,Amazing Andy and His Wonderful World of Bugs (#2.16),Love Is A Dirty Word,jason collett,1
5736,5736,699839,1815,I'm Too Sexy 2007 (Tastemakers Radio Mix),Right Said Fred,2007,20 to 1,2005,Sporty  Rich & Sexy (#9.4),Im Too Sexy,right said fred+richard fairbrass+fred fairbrass+rob manzoli,1
5744,5744,659980,637784,Blue Angel,Roy Orbison,1961,Syrj_hyppyj_,1996,,Blue Angel,roy orbison,1
5767,5767,507032,469457,I Do Not Want This,Nine Inch Nails,1994,Hey There,2011,,2 Ghost I,trent reznor+atticus ross+nine inch nails,0
5812,5812,470686,273591,Ignition,R. Kelly,2003,The Tonight Show Starring Jimmy Fallon,2014,Ricky Gervais/Ariana Grande (#3.134),Ignition (Remix),r. kelly,1
5840,5840,512713,435773,Woodpecker From Mars,Faith No More,1989,Faith No More: Live at the Brixton Academy,1990,,Woodpecker From Mars,faith no more,1
5894,5894,604990,655873,Old Fashioned Love,James P Johnson,0,The Delinquents,1957,,A Porters Love Song to a Chambermaid,james p. johnson+andy razaf+the bill nolan quintet minus two+julia lee   in the opening sequence,0
5918,5918,860444,21852,Destin,Cline Dion,1995,Banda sonora,2007,(#1.11),Destin,cline dion,1
5929,5929,825276,112131,Chapel of Love,The Dixie Cups,1964,Hollywood a Go Go,1964,(#1.54),Chapel of Love,phil spector+jeff barry+ellie greenwich+the dixie cups,1
5948,5948,753585,611257,We Went As Far As We Felt Like Going,The Pussycat Dolls,2004,Shark Tale,2004,,Far as We Felt Like Goin,kenny nolan d+bob crewe+the pussycat dolls,1
5949,5949,88751,314270,I've Been Loving You Too Long [Live Europe Version],Otis Redding,1967,WKRP in Cincinnati,1978,A Simple Little Wedding (#3.19),I Cant Turn You Loose,otis redding,0
5992,5992,212965,235354,Men In Black,Frank Black,1994,The Adam and Joe Show,1996,(#1.1),Men in Black,frank black,1
5997,5997,593519,662550,' Cello Song,Nick Drake,0,The Good Girl,2002,,Cello Song,nick drake,1
6051,6051,484280,216986,What You Waiting For?,Gwen Stefani,2004,So You Think You Can Dance,2005,Top 10 Results (#2.17),What You Waiting For?,gwen stefani,1
6077,6077,385101,12350,December Song (I Dreamed Of Christmas),George Michael,2009,American Idol: The Search for a Superstar,2002,Top 8 Perform (#11.25),How Will I Know,george merrill+shannon rubicam+narada michael walden+jessica sanchez,0
6083,6083,361886,205094,Dark 'N' Lovely,Stevie Wonder,0,Scrubs,2001,My Friend with Money (#6.5),Isnt She Lovely,and performed by stevie wonder,0
6124,6124,367238,89587,Lover_ You Should've Come Over,Jeff Buckley,0,Flashforward,2009,137 Sekunden (#1.3),Lover  You Shouldve Come Over,jeff buckley,1
6125,6125,111958,89587,Everybody Here Wants You,Jeff Buckley,1998,Flashforward,2009,137 Sekunden (#1.3),Lover  You Shouldve Come Over,jeff buckley,0
6129,6129,961470,700049,Instant Replay,Dan Hartman,1978,Top of the Pops: The Story of 1978,2013,,Instant Replay,dan hartman,1
6186,6186,817934,513768,You Remind Me Of Gold,The Human League,1982,Le nouveau,2015,,Dont You Want Me,the human league.,0
6216,6216,379327,381611,That Is The Way To Make A Broken Heart,Willy DeVille,0,CBGB,2013,,One Way Street,willy deville+mink deville,0
6220,6220,344072,391393,The Nutcracker Op.71-atto 2 - Chinese Dance,Pyotr Il'yich Tchaikovsky,0,Christmas Around Atlanta,2012,,Chinese Dance,pyotr ilyich tchaikovsky,1
6285,6285,386886,577132,High Hopes (Live In Gdansk),David Gilmour,0,Pink Floyd: P. U. L. S. E. Live at Earls Court,1994,,High Hopes,david gilmour,1
6292,6292,408619,219095,I've Got No Strings,Gipsy Kings,2000,Some Jerk with a Camera,2011,Its a Small World Holiday: Part Two (#1.10),Ive Got No Strings,gipsy kings,1
6340,6340,343665,609610,The Unknown Immortal,Joe Strummer,1987,Seven Psychopaths,2012,,The Unknown Immortal,joe strummer,1
6347,6347,57287,424843,Last Tango (Theme From Last Tango In Paris),Gato Barbieri,2002,Eat Pray Love,2010,,Last Tango in Paris Score,gato barbieri,1
6379,6379,512295,30762,I Will Wait For You,Jim Lauderdale/Ralph Stanley & The Clinch Mountain Boys,0,Big Love,2006,Rock and a Hard Place (#2.4),I Feel Like Singing Today,jim lauderdale+ralph stanley,0
6396,6396,539971,730259,The Hustle,Van McCoy & The Soul City Symphony,1975,Youre Dead...,1999,,The Hustle,van mccoy,1
6423,6423,632317,13455,Redneck Woman,Gretchen Wilson,2004,Amrica,2005,(2005-03-14),Redneck Woman,gretchen wilson,1
6438,6438,6682,107215,My Baby Left Me,Elvis Presley,1956,Hawaii Five-0,2010,Kupale (#2.17),Rock-a-Hula Baby,ben weisman+fred wise+dolores fuller .+elvis presley .,0
6451,6451,764342,68677,Alice's Theme,Danny Elfman,2010,Desperate Housewives,2004,Nice Is Different Than Good (#6.1),Desperate Housewives Theme,danny elfman,0
6456,6456,41720,395530,Beat Me 'Til I'm Blue,Alan Hawkshaw,2007,Colombiana,2011,,Beat Me til Im Blue,alan hawkshaw,1
6484,6484,459993,305783,The Man Comes Around,Johnny Cash,2002,True Blood,2008,The Fourth Man in the Fire (#1.8),The Fourth Man in the Fire,johnny cash,0
6487,6487,906500,729221,Dance With Me,Peter Brown,0,Yesterdays Hero,1979,,Dance With Me,peter h. brown,1
6514,6514,469404,442561,You Let My Love Grow Cold (Original),Quincy Jones & Dinah Washington,0,For Love of Ivy,1968,,You Put It on Me,quincy jones,0
6515,6515,710617,442561,They Didn't Believe Me (Original),Quincy Jones & Dinah Washington,0,For Love of Ivy,1968,,You Put It on Me,quincy jones,0
6549,6549,934408,482497,The Planets_ Suite for Large Orchestra_ Op. 32: II. Venus - The Bringer of Peace,Saint Louis Symphony Orchestra and Walter Susskind,0,Il divo - La spettacolare vita di Giulio Andreotti,2008,,Danse macabre op. 40,camille saint-sans+csr symphony orchestra,0
6568,6568,47660,219532,Glen Tipton,Sun Kil Moon,2003,Sons of Anarchy,2008,Burnt and Purged Away (#4.12),Glenn Tipton,sun kil moon,1
6571,6571,468829,232264,Baby I Feel Good With You,Brian Hyland,0,Tamori kurabu,1982,The 100th Anniversary: Seibu Ikebukuro Line 2/2,Baby Face,brian hyland,0
6580,6580,957142,543736,I Had The Craziest Dream,Harry James & His Orchestra,0,Mona Lisa Smile,2003,,Sh-Boom (Life Could Be a Dream),james keyes+carl feaster+floyd mcrae+claude feaster+james edwards+the trevor horn orchestra,0
6657,6657,715222,518496,Three Little Birds,Bob Marley & The Wailers,2007,Life and Debt,2001,,Three Little Birds,bob marley,1
6680,6680,441735,357215,Rock And Roll Hoochie Koo,Rick Derringer,1990,Bachelorette,2012,,Rock and Roll  Hoochie Koo,rick derringer,1
6686,6686,563306,191430,Sweet Child O' Mine,Guns N' Roses,1987,Rage,1987,Grinspoon Guest Program Rage II,Sweet Child o Mine,axl rose+slash+izzy stradlin+duff mckagan+steven adler+guns n roses,1
6792,6792,433796,33329,Mama Don't Allow It,Preservation Hall Jazz Band,1998,Boardwalk Empire,2010,Family Limitation (#1.6),Sweet Mama (Papas Getting Mad),peter frost+george a. little+fred rose+original dixieland jazz band,0
6815,6815,776720,394543,El Micrfono,Mexican Institute of Sound,2007,Coach,2010,,El Microfono,camilo lara+holger beier+mexican institute of sound,1
6819,6819,408823,101003,Right Where They Left,White Rabbits,2009,Gossip Girl,2007,The Debarted (#3.12),Right Where They Left,white rabbits,1
6874,6874,535557,708898,Pallas Athena (Gone Midnight Mix) (2003 Digital Remaster),David Bowie,0,Underworld,2003,,Bring Me the Disco King (Loner Mix),david bowie,0
6875,6875,906423,708898,Under Pressure (Rah Mix) (Radio Edit) (1999 Digital Remaster),Queen & David Bowie,1999,Underworld,2003,,Bring Me the Disco King (Loner Mix),david bowie,0
6915,6915,712305,696697,New York_ New York (Main Theme),The Boston Pops Orchestra / John Williams,0,Tie ban shao,1984,,Raiders of the Lost Ark - Main Theme,john williams,0
6917,6917,798089,696697,Love Theme,The Boston Pops Orchestra / John Williams,0,Tie ban shao,1984,,Raiders of the Lost Ark - Main Theme,john williams,0
6928,6928,393791,155174,I Want You,Rick Springfield,0,Mission: Magic!,1973,Nephren (#1.13),I Know That Its Magic,rick springfield,0
6937,6937,87961,570966,No Hay Ni Un Coraz_n Que Valga La Pena,Miguel Bos,1999,Papito,2007,,Como un lobo,miguel bos+giorgio vanni+claudio donofrio+paolo costa+marco tazzi+m. ogletree+bimba bos,0
6947,6947,952441,296281,9 to 5,Dolly Parton,1980,Today,1982,(2011-06-07),9 to 5,dolly parton,1
6989,6989,549498,718411,Batman Theme,Neal Hefti,1966,Waynes World 2,1993,,BATMAN THEME,neal hefti,1
7098,7098,728432,685192,4 O'Clock Blues,Skip James,1994,The Soul of a Man,2003,,22-20 Blues,skip james,0
7100,7100,632813,685192,22-20 Blues,Skip James,1968,The Soul of a Man,2003,,22-20 Blues,skip james,1
7101,7101,806567,685192,Yola My Blues Away,Skip James,1994,The Soul of a Man,2003,,22-20 Blues,skip james,0
7146,7146,281769,270790,Mozart: Le Nozze di Figaro: Eccovi_ o caro amico_ il dolce frutto... Dove sono i bei momenti,Wolfgang Amadeus Mozart,0,The Strain,2014,The Disappeared (#1.9),O Isis und Osiris,wolfgang amadeus mozart,0
7157,7157,709993,266488,Perversion 99,Rob Zombie,1998,The Scissoring: Origins,2014,The Final (#1.8)} {{SUSPENDED},Perversion 99,rob zombie,1
7161,7161,763219,102452,They Said I Said,SugaRush Beat Company,0,Greys Anatomy,2005,All by Myself (#5.10),They Said I Said,sugarush beat company,1
7166,7166,54120,229916,Crazy Circles,Bad Company,1979,Supernatural,2005,Fresh Blood (#3.7),Crazy Circles,bad company,1
7171,7171,449022,498940,Goodbye Old Paint,Arthur Russell,2008,Keep the Lights On,2012,,Goodbye Old Paint,arthur russell,1
7204,7204,890680,555486,Chitlins Con Carne (Alternate Take) (1985 Digital Remaster),Kenny Burrell,0,New York Beat Movie,1981,,Chitlins Con Carne,kenny burrell,1
7228,7228,918617,177867,Rapper's Delight,The Sugarhill Gang,1979,Parenthood,2010,Keep on Rowing (#4.12),Rappers Delight,sugarhill gang,1
7297,7297,707032,716688,Let's Duet,John C. Reilly;Angela Correa,0,Walk Hard: The Dewey Cox Story,2007,,Lets Duet,charlie wadhams+benji hughes+john c. reilly+angela correa,1
7312,7312,833015,490687,Sarcasms_ Op. 17_ No. 1,Sergei Prokofiev,0,Je suis le seigneur du chteau,1989,,Romeo et Juliette  Op. 64: Ballet,sergei prokofiev,0
7332,7332,242923,600398,If You Want To Get To Heaven,The Ozark Mountain Daredevils,1994,Run Ronnie Run,2002,,If You Wanna Get to Heaven,steve cash+john dillon+the ozark mountain daredevils,1
7335,7335,905861,256782,Piano Sonata (moonlight) N.14 In C Sharp Minor Op.27 N.2 : Adagio Sostenuto,Ludwig van Beethoven,0,The Muppet Show,1976,Helen Reddy (#3.13),Pathtique Sonata,ludwig van beethoven,0
7338,7338,949050,413696,Coconut,Harry Nilsson,1989,Dick,1999,,Coconut,harry nilsson,1
7350,7350,388699,152309,Under The Sheets,Ellie Goulding,2009,Mencaps Little Noise Sessions,2009,(2009-12-08),Under The Sheets,ellie goulding,1
7359,7359,877636,136402,The Count (aka Herv) And Lily Face The Fear,Lily Allen,2009,Later... With Jools Holland,1992,(#34.4),The Fear,lily allen,0
7400,7400,872553,516729,Cello Concerto No. 2 in D Major_ Hob. VIIb/2: III. Allegro,Bamberg Symphony Orchestra,0,Les visiteurs,1993,,Concerto pour violon et orchestre en Mi mineur,felix mendelssohn-bartholdy+the czech symphony orchestra,0
7531,7531,66307,565592,MADAMA BUTTERFLY: Adesso voi siete per me,Giacomo Puccini,0,One Eyed Girl,2014,,Madam Butterfly: Humming Chorus,giacomo puccini,1
7540,7540,379844,516382,Dialogue des Carmlites (2004 Digital Remaster)_ Premier Acte_ Troisime tableau: Prlude,Pierre Dervaux/Choeurs et Orchestre du Thtre National de l'Opra_ Paris,0,Les onze mille verges,1975,,Duo Des Chattes,michel colombier  et son orchestre,0
7588,7588,565881,257423,No Anesthetic for Love,The Nat King Cole Trio,0,The Nat King Cole Show,1954,(#1.13),This Cant Be Love,richard rodgers+nat king cole,0
7622,7622,260081,649512,You Baby,The Lovin' Spoonful,1965,The Big T.N.T. Show,1966,,Do You Believe In Magic?,john sebastian+the lovin spoonful,0
7643,7643,314493,485304,Gett Off,Prince & The New Power Generation [with Eric Leeds on Flute],1991,Innocent Blood,1992,,Gett Off,prince+the new power generation+arrangement with warner special products,1
7664,7664,296275,733176,Triangles & Rhombuses,Boards of Canada,1998,i,2004,,Triangles And Rhombuses,boards of canada,1
7685,7685,116318,725451,I Hate Men,Cole Porter,1949,Winning Your Wings,1942,,I Get a Kick Out of You,cole porter,0
7731,7731,695201,300520,C'Mon Everybody (1993 Digital Remaster),Sex Pistols,2002,Top of the Pops,1964,(1979-07-19),CMon Everybody,sharon sheeley+bob cochran+the sex pistols,1
7878,7878,175859,215835,100% Pure Love,Crystal Waters,1994,So You Think You Can Dance Canada,2008,Top 12 (#1.13),100% Pure Love,crystal waters,1
7893,7893,549520,491950,Never Gonna Sleep,Free Kitten,1997,Jidder,1998,,Never Gonna Sleep,free kitten,1
7930,7930,954761,337235,Eanie Meany 2 (Album Version),Jim Noir,2005,A.C.O.D.,2013,,Eeny Meany,jim noir,1
7931,7931,372252,678530,Carmen Suite: Intermezzo,Georges Bizet,1993,The Pink Panther,2006,,Carmen - Prelude to Act I,georges bizet,1
7967,7967,432836,174964,Este Loco Que Te Mira,Marc Anthony,2001,Operaci_n triunfo,2001,(#2.3),Te tenqo aqu_,marc anthony,0
7971,7971,911940,338828,Rock And Roll (Bonus Track),Bertice Reading,0,Absolute Beginners,1986,,Rock Baby Rock,bertice reading,0
7977,7977,563319,254974,A Swingin Safari,Bert Kaempfert And His Orchestra,2003,The Match Game,1962,(#5.93),A Swingin Safari (The Theme of The Match Game),bert kaempfert,1
7979,7979,681192,241095,Closer (Further Away),Nine Inch Nails,1994,The Comix Scrutinizer,2012,The Nine Lives of Fritz the Cat (#3.1),Closer,trent reznor+nine inch nails,1
8042,8042,650355,88273,It Wasn't God Who Made Honky Tonk Angels,Dolly Parton,2003,Fern Britton Meets...,2009,Dolly Parton (#1.1),Hello God,dolly parton,0
8222,8222,52314,8029,I Get Around (Mono),The Beach Boys,2009,Age tendre et t_te de bois,1961,(1964-11-10),I get around,brian wilson+mike love+the beach boys,1
8255,8255,730682,548466,Waltz Of The Flowers From  Nutcracker,Pyotr Il'yich Tchaikovsky,0,Museum Scream,2003,,The Nutcracker - Dance of the Sugar Plum Fairy,pyotr ilyich tchaikovsky,0
8284,8284,809980,710797,Life On Mars? (Live At The Manhattan Center_ New York),David Bowie,2009,VIII Premis Gaud_ de lAcadmia del Cinema Catal_,2016,,Life on Mars,david bowie,1
8340,8340,722722,127424,Redemption Day,Sheryl Crow,1996,Katie,2012,Dying to Be Beautiful (#1.85),This Day,sheryl crow,0
8393,8393,568632,728921,Iguazu,Gustavo A. Santaolalla,1999,Yes,2004,,Iguazu,gustavo santaolalla,1
8414,8414,712305,124926,New York_ New York (Main Theme),The Boston Pops Orchestra / John Williams,0,JonTron,2010,Home Alone Games (#5.1),Home Alone Theme,john williams,0
8448,8448,216111,254171,Lord_ Give Me Just A Little More Time,Marty Stuart And His Fabulous Superlatives,0,The Marty Stuart Show,2008,The Oak Ridge Boys (#1.23),Just a Little Talk with Jesus,cleavant derricks+the oak ridge boys+marty stuart+the fabulous superlatives,0
8457,8457,835974,85514,Who Do You Love,Steve Miller Band,1994,Everybody Loves Raymond,1996,Crazy Chin (#8.18),Jungle Love,steve miller band,0
8467,8467,928096,143330,Morfina,Mundo Co,2006,Lua Vermelha,2010,(#1.197),Morfina,mundo co,1
8468,8468,167569,207908,Winter,Joshua Radin,2004,Shameless,2011,Fiona Interrupted (#2.12),Winter,joshua radin,1
8473,8473,568632,627106,Iguazu,Gustavo A. Santaolalla,1999,Sputnik Mania,2007,,Iguazu,gustavo santaolalla,1
8521,8521,336201,410065,Piano Concerto No. 3 In C Major_ Op. 26: 2. Theme And Variations,Leif Ove Andsnes & Bergen Philharmonic Orchestra,0,Degenerate Art,1993,,Concert Music for Piano  Brass & Harps  Op. 49,paul hindemith+the philharmonic orchestra,0
8531,8531,934395,410065,Dynamic Triptych for Piano & Orchestra_ Op. 88: III. Dynamic Rhythm,Royal Philharmonic Orchestra,0,Degenerate Art,1993,,Concert Music for Piano  Brass & Harps  Op. 49,paul hindemith+the philharmonic orchestra,0
8655,8655,702210,149452,Love Is All Around (The Mary Tyler Moor Show Theme),Sonny Curtis,0,Mary Tyler Moore,1970,One Producer Too Many (#7.6),Love Is All Around,sonny curtis,1
8751,8751,705069,249740,All I Really Want To Do,Bob Dylan,1964,The Johnny Cash Show,1969,(#1.1),I Threw It All Away,bob dylan,0
8827,8827,555070,75090,Ballet Suite From The Nutcracker Op. 71a: Dance Of The Sugar Plum Fairy,London Festival Orchestra,0,Downton Abbey,2010,(#3.5),Downton Abbey - The Suite,john lunn+the chamber orchestra of london,0
8840,8840,490714,75090,Close Encounters of the Third Kind - Suite,The Boston Pops Orchestra / John Williams,0,Downton Abbey,2010,(#3.5),Downton Abbey - The Suite,john lunn+the chamber orchestra of london,0
8854,8854,163194,75090,Suite from Born on the Fourth of July/I.  Theme from Born on the Fourth of July,John Williams;The Boston Pops Orchestra,0,Downton Abbey,2010,(#3.5),Downton Abbey - The Suite,john lunn+the chamber orchestra of london,0
8868,8868,814533,362965,Ice,Sarah McLachlan,1993,Bed of Roses,1996,,Ice Cream,sarah mclachlan,1
8889,8889,782716,166512,No One Knows About A Good Thing (You Don't Have To Cry) (Album Version),Curtis Mayfield,1996,New York Undercover,1994,The Unthinkable (#3.20),No One Knows About a Good Thing (You Dont Have to Cry),curtis mayfield,1
8913,8913,252200,442498,4-Minute Warning (Album Version),John Paul Jones,0,For All Mankind,1989,,4-Minute Warning,john paul jones,1
8919,8919,98916,175439,One More Time With Feeling (Album Version),Regina Spektor,2009,Orange Is the New Black,2013,Take a Break from Your Values (#2.11),Youve Got Time,regina spektor,0
8947,8947,949827,300623,Right Down The Line,Gerry Rafferty,1978,Top of the Pops,1964,(1979-09-13),Get it Right Next Time,gerry rafferty,0
8979,8979,81840,485681,Symphony No. 4 in F minor Op. 36 (2007 Digital Remaster): IV. Allegro con fuoco,Royal Philharmonic Orchestra/Sir Thomas Beecham,0,Interlude,1968,,Excerpts From Beethoven Symphony No. 5 - Finale,ludwig van beethoven+the royal philharmonic orchestra  conducted by ernest fleischmann,0
8980,8980,307853,485681,Symphony No. 4 in F minor Op. 36 (2003 Digital Remaster): IV.     Allegro con fuoco,Royal Philharmonic Orchestra/Sir Thomas Beecham,0,Interlude,1968,,Excerpts From Beethoven Symphony No. 5 - Finale,ludwig van beethoven+the royal philharmonic orchestra  conducted by ernest fleischmann,0
8999,8999,309675,485681,Finale Medley: Waterloo / Dancing Queen / Fernando,Royal Philharmonic Orchestra,0,Interlude,1968,,Excerpts From Beethoven Symphony No. 5 - Finale,ludwig van beethoven+the royal philharmonic orchestra  conducted by ernest fleischmann,0
9004,9004,155870,485681,Symphony No. 100 'Military' (Rehearsal Sequence),The Royal Philharmonic Orchestra_ Sir Thomas Beecham,0,Interlude,1968,,Excerpts From Beethoven Symphony No. 5 - Finale,ludwig van beethoven+the royal philharmonic orchestra  conducted by ernest fleischmann,0
9018,9018,764342,231923,Alice's Theme,Danny Elfman,2010,Tales from the Crypt,1989,The Ventriloquists Dummy (#2.10),Tales from the Crypt Theme,danny elfman,0
9028,9028,694433,343162,Clarinet Concerto 1st Movement,Wolfgang Amadeus Mozart,0,Alice ou la dernire fugue,1977,,Le 24me concerto en ut mineur,wolfgang amadeus mozart+paul von schilhawski,0
9061,9061,577554,487589,Holiday For Strings,David Rose & His Orchestra,1967,It Could Happen to You,1994,,Holiday for Strings,david rose+the david rose   string orchestra,1
9081,9081,841574,614274,Ancient Airs And Dances Suite No 3: Italiana,The New Zealand Symphony Orchestra,0,Shutter Island,2010,,SUITE FOR SYMPHONIC STRINGS: NOCTURNE,lou harrison+the new professionals orchestra,0
9084,9084,225612,93469,Escape (The Pina Colada Song),Rupert Holmes,1979,Fringe,2008,Unleashed (#1.16),Escape (The Pia Colada Song),rupert holmes,1
9103,9103,335070,38955,Stealing Cinderella,Chuck Wicks,2007,CMT Top 20 Countdown,2001,(2007-11-22),Stealing Cinderella,chuck wicks,1
9144,9144,907856,321437,Fear Of A Black Planet,Public Enemy,1990,World Championship Snooker,1973,2016: Day 9  Part 2 (#44.49),Supermans Black in the Building,public enemy,0
9145,9145,293965,321437,Superman's Black In The Building,Public Enemy,2005,World Championship Snooker,1973,2016: Day 9  Part 2 (#44.49),Supermans Black in the Building,public enemy,1
9155,9155,344072,44409,The Nutcracker Op.71-atto 2 - Chinese Dance,Pyotr Il'yich Tchaikovsky,0,Charlies Angels,1976,Mother Goose Is Running for His Life (#2.20),The Nutcracker: Dance of the Sugar Plum Fairy,pyotr ilyich tchaikovsky,1
9157,9157,730682,44409,Waltz Of The Flowers From  Nutcracker,Pyotr Il'yich Tchaikovsky,0,Charlies Angels,1976,Mother Goose Is Running for His Life (#2.20),The Nutcracker: Dance of the Sugar Plum Fairy,pyotr ilyich tchaikovsky,0
9164,9164,440966,13366,No es lo mismo,Alejandro Sanz,2003,Amores verdaderos,2012,Propuesta de trabajo (#1.2),No me compares,alejandro sanz,0
9185,9185,589785,357806,Pay To Cum,Bad Brains,1980,Bad Brains Live at CBGB OMFUG 1982,2006,,Pay to Cum,bad brains,1
9196,9196,657987,3260,Baby Sister,Dolly Parton,2008,60 Minutes,1968,(1986-05-18),Baby Im Burnin,dolly parton,0
9239,9239,566510,390892,Swing 39,Django Reinhardt - Stphane Grappelli,1997,Chocolat,2000,,Minor Swing,django reinhardt /stphane grappelli,0
9252,9252,713790,425566,Serenade For Strings No. 13 In G Major_ KV 525 'Eine Kleine Nachtmusik,Wolfgang Amadeus Mozart,0,Edward II,1991,,Divertimento in F major  K138 - Andante,wolfgang amadeus mozart+elektra quartet,0
9262,9262,77636,329636,Zephirum scan,Kim Cascone,2003,3600 Frames,2010,,Zephirum Scan,kim cascone,1
9288,9288,658855,97484,Free,Cat Power,2003,Girls,2012,She Said OK (#3.3),Free,cat power,0
9291,9291,307165,451702,In An 18th Century Drawing Room,Raymond Scott,1991,Gift Wrapped,1952,,In an 18th Century Drawing Room,raymond scott,1
9310,9310,491461,437444,Imagination,Belouis Some,1984,Fatherland,1986,,Imagination,belouis some,1
9317,9317,927038,574404,Ultimo Arlecchino Alternate Take 2,Ennio Morricone,1975,Per qualche dollaro in pi_,1965,,Indios Flashback Pt. 2,ennio morricone,0
9337,9337,27221,320745,Turn The Heat Up,Phil Perry / Lee Ritenour / Eric R. Tagg / Paulinho Costa / Phil Perry / Eric Tagg / Larry Williams,0,WordGirl,2007,Becky and the Chocolate Factory/Chucks Brother (#2.12),Whats Up Its WordGirl,sharon lee williams,0
9338,9338,364952,725674,Acetone,The Crystal Method,2004,Wipeout HD,2008,,Acetone,the crystal method,1
9443,9443,187328,627524,Love Is A Many Splendored Thing,The Four Aces / Al Alberts,1991,St. Trinians,2007,,Love Is a Many Splendored Thing,sammy fain+the four aces,1
9451,9451,328174,97298,Feelgood By Numbers,The Go! Team,2003,Girls,2012,Beach House (#3.7),Feelgood By Numbers,the go! team,1
9613,9613,490755,172756,23 (Album Version),Jimmy Eat World,0,One Tree Hill,2003,Dont Take Me for Granted (#2.10),23,jimmy eat world,1
9636,9636,477448,553205,Groove Me,King Floyd,1971,National Lampoon: Drunk Stoned Brilliant Dead,2015,,Groove Me,king floyd,1
9661,9661,753265,721927,Trio C-Moll f_r Flauto Traverso Violine_ Violoncello und Cembalo aus dem 'Musikalischen Opfer' BWV 1,Johann Sebastian Bach,0,When Will I Be Loved,2004,,Praeambulum in C Major  BWV 924,johann sebastian bach+glenn gould+arrangement with sony music licensing,0
9663,9663,173252,721927,Symphony No. 1 In B-Flat Major_ Op 9,Johann Sebastian Bach,0,When Will I Be Loved,2004,,Praeambulum in C Major  BWV 924,johann sebastian bach+glenn gould+arrangement with sony music licensing,0
9684,9684,604995,539686,Symphony No. 5: IX. Death,Philip Glass,0,Mia madre,2015,,String Quartet No. 2: Company,philip glass,0
9686,9686,916395,725634,We Have Explosive (Part 1),Future Sound Of London,0,Wipeout 2097,1996,,We Have Explosive,the future sound of london,1
9698,9698,682896,444624,Let Me Entertain You,Nina Hagen & Leipzig Big Band,2003,Frauds,1993,,Ive Got You Under My Skin,cole porter+marcia hines  with bob coassins big band,0
9707,9707,942799,444624,Roll With My Baby,Zoot Money's Big Roll Band,0,Frauds,1993,,Ive Got You Under My Skin,cole porter+marcia hines  with bob coassins big band,0
9734,9734,794848,301854,When You Tell Me That You Love Me,Westlife with Diana Ross,2005,Top of the Pops,1964,(1981-11-19),Why Do Fools Fall in Love,diana ross,0
9794,9794,234370,617311,Concerto For Saxophone (Quartet Version): Melody 7,Philip Glass,0,Six by Sondheim,2013,,String Quartet No.3 (Mishima): Blood Bath,philip glass,0
9823,9823,908935,303041,I'll House You,Jungle Brothers,1988,Top of the Pops,1964,(1998-07-10),Ill House You 98,the jungle brothers,1
9830,9830,902591,95095,Colourful Life,Cajun Dance Party,2006,Gavin & Stacey,2007,(#3.5),Colourful Life,daniel blumberg+robert stern+cajun dance party,1
9832,9832,336006,669153,Mr. Blue (Remastered Album Version),Michael Franks,2004,The Last Innocent Man,1987,,Mr. Blue,michael franks,1
9948,9948,928096,144512,Morfina,Mundo Co,2006,Lua Vermelha,2010,(#1.60),Morfina,mundo co,1
9973,9973,870098,406733,Serenade in Blue (From Orchestra Wives),The Glenn Miller Orchestra;Ray Eberle,0,Day-Time Wife,1939,,Moonlight Serenade,glenn miller,0
10022,10022,842212,657724,Symphony No. 6 in C major_ D589: First movement: Adagio - Allegretto,Sir Thomas Beecham/Royal Philharmonic Orchestra,0,The Education of Charlie Banks,2007,,Nocturne  Op. 27  No. 2,frdric chopin+the royal philharmonic orchestra,0
10025,10025,336201,657724,Piano Concerto No. 3 In C Major_ Op. 26: 2. Theme And Variations,Leif Ove Andsnes & Bergen Philharmonic Orchestra,0,The Education of Charlie Banks,2007,,Nocturne  Op. 27  No. 2,frdric chopin+the royal philharmonic orchestra,0
10039,10039,307853,657724,Symphony No. 4 in F minor Op. 36 (2003 Digital Remaster): IV.     Allegro con fuoco,Royal Philharmonic Orchestra/Sir Thomas Beecham,0,The Education of Charlie Banks,2007,,Nocturne  Op. 27  No. 2,frdric chopin+the royal philharmonic orchestra,0
10043,10043,144775,657724,Symphony No. 1: Allegretto Con Grazia,Royal Scottish National Orchestra,0,The Education of Charlie Banks,2007,,Nocturne  Op. 27  No. 2,frdric chopin+the royal philharmonic orchestra,0
10050,10050,906274,657724,Piano Sonato No. 2 in B-Flat Minor_ Op. 35: Funeral March,London Philharmonic Orchestra,0,The Education of Charlie Banks,2007,,Nocturne  Op. 27  No. 2,frdric chopin+the royal philharmonic orchestra,0
10097,10097,372252,53643,Carmen Suite: Intermezzo,Georges Bizet,1993,Curb Your Enthusiasm,2000,The Table Read (#7.9),Carmen - Suite No.1 - Aragonaise,georges bizet,0
10113,10113,483093,389483,No Sign Of Rain (Aggie.  Epic.  Soulful.  Great gtr. solo exchanges.),The Gone Jackals,1998,Cheerleader Autopsy,2003,,No Sign Of Rain,the gone jackals,1
10167,10167,90753,642834,Big Girls Don't Cry (LP Version),Frankie Valli & The Four Seasons,0,That Night,1992,,BIG GIRLS DONT CRY,bob crewe+bob gaudio+frankie valli+the four seasons,1
10168,10168,548916,642834,Opus 17 (Don't You Worry 'Bout Me) (LP Version),Frankie Valli & The Four Seasons,0,That Night,1992,,BIG GIRLS DONT CRY,bob crewe+bob gaudio+frankie valli+the four seasons,0
10191,10191,3944,140613,I'm Not Worth the Tears,Dolly Parton,1967,Live with Regis and Kathie Lee,1988,(1998-11-24),The Salt In My Tears,dolly parton,0
10195,10195,364962,201244,Cuando No Es Contigo,Christina Aguilera,2000,Saturday Night Live,1975,Alec Baldwin/Christina Aguilera (#32.5),Aint No Other Man,christina aguilera,0
10212,10212,468829,232270,Baby I Feel Good With You,Brian Hyland,0,Tamori kurabu,1982,The Best Model Railroad Store,Baby Face,brian hyland,0
10224,10224,178438,458325,Red Letters,The Ruby Doe,2005,Grassroots,2012,,Red Letters,the ruby doe,1
10237,10237,606182,466670,Corcovado (Quiet Nights Of Quiet Stars),Stan Getz / Astrud Gilberto / Antonio Carlos Jobim / Joo Gilberto,1984,Heartbreakers,2001,,Quiet Nights (of Quiet Stars),antonio carlos jobim+gene lees+sarah vaughan,1
10241,10241,548758,251413,2. Trope: 'I Don't Know,Leonard Bernstein,0,The Late Late Lien Show,1979,(#2.1),I Feel Pretty,leonard bernstein,0
10280,10280,634576,231352,Centerpiece (Live At Ronnie Scott's),Van Morrison,0,TFI Friday,1996,(#1.6),Moondance (Live),van morrison,0
10322,10322,820685,680421,White Lines (Don't Do It),Grandmaster Flash & Melle Mel,1983,The Rack Pack,2016,,White Lines (Dont Do It),melle mel+sylvia robinson+grandmaster flash,1
10422,10422,597203,364116,The Host Of Seraphim,Dead Can Dance,1988,Bekushiru: 2077 Nihon sakoku,2007,,The Host of Seraphim,lisa gerrard+brendan perry+dead can dance,1
10485,10485,216901,219588,Where Has All This Mess Begun,The Black Box Revelation,2010,Sons of Anarchy,2008,Family Recipe (#4.8),Where Has All This Mess Begun,the black box revelation,1
10502,10502,484673,83336,Les Sauvages,Les Sans Culottes,2002,Entourage,2004,Murphys Lie (#6.6),Les Sauvages,les sans culottes,1
10557,10557,237873,192879,Desperados Under The Eaves [Take 2 - 1/13/76],Warren Zevon,0,Ray Donovan,2013,Get Even Before Leavin (#4.5),Desperados Under The Eaves,warren zevon,1
10569,10569,634226,199731,Rainy Day,10000 Maniacs,1997,Sabrina  the Teenage Witch,1996,A River of Candy Corn Runs Through It (#2.7),Rainy Day,10+000 maniacs,1
10621,10621,905861,518271,Piano Sonata (moonlight) N.14 In C Sharp Minor Op.27 N.2 : Adagio Sostenuto,Ludwig van Beethoven,0,Life 101,1995,,Moonlight Sonats,ludwig van beethoven+carl schurtz,1
10624,10624,247188,725494,Mass in B Minor BWV 232: Gratias Agimus,Johann Sebastian Bach,0,Winter Flight,1984,,Minor Prelude,johann sebastian bach,0
10631,10631,764342,68686,Alice's Theme,Danny Elfman,2010,Desperate Housewives,2004,One Wonderful Day (#1.23),Theme From Desperate Housewives,danny elfman,0
10640,10640,193130,115111,The Desperate Man,The Black Keys,2004,Hung,2009,A Dick and a Dream or Fight the Honey (#1.10),Ill Be Your Man,dan auerbach+patrick j. carney+the black keys,0
10651,10651,177821,340947,Symphony No. 1 In C Minor Op. 68: Un Poco Allegretto e Grazioso,The London Fox Orchestra,0,Afternoon of a Faun: Tanaquil Le Clercq,2013,,The Nutcracker  Op. 71a  Pas de Deux  Dance of the Prince and the Sugar-Plum Fairy,london symphony orchestra  / charles mackerras,0
10684,10684,687916,340947,Mountain Dance,Dave Grusin & The London Symphony Orchestra / Harvey Mason / Ian Underwood / Jeff Mironov / Rubens Bassini / Ed Walsh / Dave Grusin / Marcus Miller,1980,Afternoon of a Faun: Tanaquil Le Clercq,2013,,The Nutcracker  Op. 71a  Pas de Deux  Dance of the Prince and the Sugar-Plum Fairy,london symphony orchestra  / charles mackerras,0
10695,10695,555070,340947,Ballet Suite From The Nutcracker Op. 71a: Dance Of The Sugar Plum Fairy,London Festival Orchestra,0,Afternoon of a Faun: Tanaquil Le Clercq,2013,,The Nutcracker  Op. 71a  Pas de Deux  Dance of the Prince and the Sugar-Plum Fairy,london symphony orchestra  / charles mackerras,1
10697,10697,906274,340947,Piano Sonato No. 2 in B-Flat Minor_ Op. 35: Funeral March,London Philharmonic Orchestra,0,Afternoon of a Faun: Tanaquil Le Clercq,2013,,The Nutcracker  Op. 71a  Pas de Deux  Dance of the Prince and the Sugar-Plum Fairy,london symphony orchestra  / charles mackerras,0
10699,10699,58410,340947,Sleeping Beauty - Ballet Op. 66 (1993 Digital Remaster)_ ACT III:  'The Wedding'_ 25.  Pas de quatre (Adagio): iii.     Variation II:  The Bluebird and Princess Florine (Andantino),London Symphony Orchestra/Andr Previn,0,Afternoon of a Faun: Tanaquil Le Clercq,2013,,The Nutcracker  Op. 71a  Pas de Deux  Dance of the Prince and the Sugar-Plum Fairy,london symphony orchestra  / charles mackerras,0
10810,10810,247188,364461,Mass in B Minor BWV 232: Gratias Agimus,Johann Sebastian Bach,0,Below Utopia,1997,,Suite for Orchestra No. 3 in D Major  BWV 1068,johann sebastian bach,0
10815,10815,173252,364461,Symphony No. 1 In B-Flat Major_ Op 9,Johann Sebastian Bach,0,Below Utopia,1997,,Suite for Orchestra No. 3 in D Major  BWV 1068,johann sebastian bach,0
10841,10841,689186,236027,In The Dark (24-Bit Digitally Remastered 02),Billy Squier,2005,The Americans,2013,Covert War (#1.11),In the Dark,billy squier,1
10873,10873,136873,554298,Beautiful Noise,Neil Diamond,1976,Neil Diamond: Love at the Greek,1977,,Beautiful Noise,neil diamond+the neil diamond band,1
10885,10885,556417,638059,Superstition,Stevie Wonder,1972,T.C.,2015,,Superstition,stevie wonder,1
10913,10913,247188,708406,Mass in B Minor BWV 232: Gratias Agimus,Johann Sebastian Bach,0,Under Heaven,1998,,Brandenburg Concerto No. 5 in D Major bwv 1050 Allegro,johann sebastian bach,0
10917,10917,815775,708406,Cantata No. 80 A Mighty Fortress Is Our God BWV 80: Chorale_ Cantata No. 80 The Word of God will firm abide against our foes assailing,Johann Sebastian Bach,0,Under Heaven,1998,,Brandenburg Concerto No. 5 in D Major bwv 1050 Allegro,johann sebastian bach,0
10918,10918,173252,708406,Symphony No. 1 In B-Flat Major_ Op 9,Johann Sebastian Bach,0,Under Heaven,1998,,Brandenburg Concerto No. 5 in D Major bwv 1050 Allegro,johann sebastian bach,0
10944,10944,770055,673414,The Hippy Hippy Shake,The Swinging Blue Jeans,1979,The Men Who Stare at Goats,2009,,Hippy Hippy Shake,chan romero+the swinging blue jeans,1
10984,10984,954605,113953,Fox Chase,Sonny Terry & Brownie McGhee,2000,House of Lies,2012,The Runner Stumbles (#2.7),Fox Chase,brownie mcghee+sonny terry,1
11006,11006,900933,10581,How Am I Supposed To Live Without You,Michael Bolton,1989,American Crime Story,2016,The Dream Team (#1.3),Said I Loved You...But I Lied,michael bolton,0
11050,11050,402359,9885,This Christmas,Vonda Shepard,2000,Ally McBeal,1997,Boy to the World (#1.10),This Christmas,vonda shepard,1
11145,11145,141406,103388,Love Will Tear Us Apart,Susanna And The Magical Orchestra,2006,Greys Anatomy,2005,Six Days: Part 2 (#3.12),Love Will Tear Us Apart,ian curtis+peter hook+stephen morris+bernard sumner+susanna+the magical orchestra,1
11149,11149,743367,473363,Entre Col Y Col (Buler_as),Lola Flores,0,Homenaje a Lola Flores,1990,,Pan y chocolate,lola flores+carmen flores+lolita flores+rosario flores,0
11165,11165,141079,536168,All I Think About Is You,Harry Nilsson,1995,Me Myself and I,1992,,ME MYSELF AND I,harry nilsson,0
11170,11170,813177,173850,I Don't Want To Be,Gavin DeGraw,2003,One Tree Hill,2003,The Living Years (#1.11),I Dont Want to Be,gavin degraw,1
11205,11205,211148,700156,Ant Rap,Adam & The Ants,1981,Top of the Pops: The Story of 1980,2015,,Ant Music,adam ant+marco pirroni+adam+the ants,1
11257,11257,888487,52557,Cynical Girl,Marshall Crenshaw,1982,Crossing Jordan,2001,Til Death Do Us Part (#3.3),Cynical Girl,marshall crenshaw,1
11277,11277,351998,43510,Sweet home Alabama,Lynyrd Skynyrd,1974,Cavemen,2007,Pilot (#1.0),Sweet Home Alabama,lynyrd skynyrd,1
11285,11285,564531,612184,Peer Gyant Suite No. 2_ Op. 55 Solveij's Lied,Edvard Grieg,0,Sheherazade: An Oriental Night with the Berliner Philharmoniker,2007,,Arabian Dance (from Peer Gynt Suite No. 2 op. 55),edvard grieg,0
11306,11306,710167,60950,Ono Soul,Thurston Moore,1995,Daria,1997,Road Worrier (#1.11),Ono Soul,thurston moore,1
11335,11335,289902,77039,Scared,Tiago Iorc,2008,Duas Caras,2007,,Scared,tiago iorc,1
11344,11344,780552,526071,Suddenly I See (Live),KT Tunstall,2007,Love  Rosie,2014,,Suddenly I See,kt tunstall,1
11434,11434,745006,605412,This Land Is Your Land,Woody Guthrie & Jack Elliott,1986,Saving the World in Seven Days,2010,,This Land is Your Land,woody guthrie,1
11587,11587,333551,559546,Just a Closer Walk With Thee,Patsy Cline,1990,Northfork,2003,,Just a Closer Walk with Thee,patsy cline,1
11592,11592,722722,127393,Redemption Day,Sheryl Crow,1996,Katie,2012,Bens Bucket List/Jessye Norman (#2.147),This Day,sheryl crow,0
11604,11604,281769,345752,Mozart: Le Nozze di Figaro: Eccovi_ o caro amico_ il dolce frutto... Dove sono i bei momenti,Wolfgang Amadeus Mozart,0,Amadeus,1984,,Don Giovanni  K527: Act I  La Ci Darem La Mano,wolfgang amadeus mozart,0
11692,11692,815775,265996,Cantata No. 80 A Mighty Fortress Is Our God BWV 80: Chorale_ Cantata No. 80 The Word of God will firm abide against our foes assailing,Johann Sebastian Bach,0,The Romeo Section,2015,Five Spies (#1.5),Prelude No. 5 in D-major,johann sebastian bach,0
11693,11693,173252,265996,Symphony No. 1 In B-Flat Major_ Op 9,Johann Sebastian Bach,0,The Romeo Section,2015,Five Spies (#1.5),Prelude No. 5 in D-major,johann sebastian bach,0
11716,11716,800327,90797,Good Times (Radio Edit),Roll Deep,2010,Formula 1: BBC Sport,2009,The Monaco Grand Prix (#2.17),Good Times,roll deep,1
11718,11718,157744,370987,It's Gonna Be A Long Night,Gerry Rafferty,1979,Blood Ties,2013,,The Long Way Round,gerry rafferty,0
11776,11776,477629,472213,Voodoo Child (Slight Return),Jimi Hendrix,1984,Hollywood Hulk Hogan: Hulk Still Rules,2002,,Voodoo Child,jimi hendrix,1
11830,11830,593327,485688,La Damnation de Faust Op. 24: Danse des Sylphes (2. Partie),Sir Thomas Beecham/Royal Philharmonic Orchestra,0,Interlude,1968,,Excerpts From Rachmaninoff Symphony No. 2 - 3rd Movement,sergei rachmaninoff+the royal philharmonic orchestra  conducted by ernest fleischmann,0
11848,11848,307853,485688,Symphony No. 4 in F minor Op. 36 (2003 Digital Remaster): IV.     Allegro con fuoco,Royal Philharmonic Orchestra/Sir Thomas Beecham,0,Interlude,1968,,Excerpts From Rachmaninoff Symphony No. 2 - 3rd Movement,sergei rachmaninoff+the royal philharmonic orchestra  conducted by ernest fleischmann,0
11898,11898,831341,169773,Walk On The Wild Side,Lou Reed,1972,Ochntame... otra vez,2014,Cuando Madrid se mov_a (#1.18),Walk on the Wild Side,lou reed,1
11946,11946,564531,268404,Peer Gyant Suite No. 2_ Op. 55 Solveij's Lied,Edvard Grieg,0,The Simpsons,1989,Poppas Got a Brand New Badge (#13.22),Peer Gynt: Morning Mood,edvard grieg,1
11973,11973,566626,245523,Theme 1 (BBC Black Session),Van Der Graaf Generator,0,The Fresh Beat Band,2009,Glow for It (#1.15),The Fresh Beat Band Theme,scott kraft+nadine van der velde+the fresh beat band,0
12036,12036,121504,557264,Capital G,Nine Inch Nails,2007,Nine Inch Nails and the Industrial Uprising,2009,,Capital G,trent reznor+nine inch nails,1
12108,12108,867853,432136,Camino De Guanajuato,Jos Alfredo Jimenez Con Mariachi Vargas De Tecalitlan,0,Escuela para solteras,1965,,Camino de Guanajuato,jos alfredo jimnez,1
12120,12120,711721,393401,Pie Jesu From 'Requiem,Sarah Brightman,0,Classics: The Best of Sarah Brightman,2002,,Pie Jesu,sarah brightman,1
12203,12203,194566,544728,I Never Let You Cross My Mind,Marty Robbins,0,Moonfire,1970,,Get You Off My Mind,marty robbins,0
12243,12243,790947,612556,Ich Ruf Zu Dir_ Herr Jesu Christ,Johann Sebastian Bach,0,Shin seiki Evangelion Gekij-ban: Air/Magokoro wo  kimi ni,1997,,Jesu  Bleibet Meine Freude,johann sebastian bach,0
12308,12308,774653,710285,Times Like These (LP Version),Dan Fogelberg,0,Urban Cowboy,1980,,Times Like These,dan fogelberg,1
12315,12315,667635,361773,Moon River,Henry Mancini & His Orchestra,1961,Bayonetta 2,2014,,Moon River (8 Climax Mix),henry mancini,1
12371,12371,733218,673754,Opus No.One,Mills Brothers,0,The Mills Brothers on Parade,1956,,Opus One,sy oliver+lyrics by sid garris+the mills brothers,1
12476,12476,722722,127300,Redemption Day,Sheryl Crow,1996,Katie,2012,Molly Deadly Club Drug/Mouth and Foot Painters (#2.29),This Day,sheryl crow,0
12487,12487,353245,419995,Fiesta (Version Original Sin Censura),Joan Manuel Serrat,1970,Dos pjaros de un tiro,2007,,Fiesta,joan manuel serrat+joaqu_n sabina,1
12560,12560,771854,218947,_ voc_ dizendo,Ronei Jorge e os ladres de bicicleta,0,Som Brasil,2007,Rita Lee (#4.2),Mania de Voc_,rita lee+roberto de carvalho+lafayette e os tremendes,0
12566,12566,344072,319804,The Nutcracker Op.71-atto 2 - Chinese Dance,Pyotr Il'yich Tchaikovsky,0,Win Ben Steins Money,1997,,The Nutcracker - Russian Dance,pyotr ilyich tchaikovsky,0
12578,12578,445657,594205,And The Cradle Will Rock... (Remastered Album Version),Van Halen,0,Ricky 6,2000,,And The Cradle Will Rock...,van halen,1
12625,12625,120017,305705,Aqua Dub,Peyote Sound System,2005,True Blood,2008,Shake and Fingerpop (#2.4),Aqua Dub,peyote sound system,1
12641,12641,911163,605022,Symphony No. 8: Tempo di menuetto,Bernard Haitink_ London Symphony Orchestra,0,Savages,2012,,Brahms: Symphony No. 1 in C Minor  Op. 68,johannes brahms+london symphony orchestra,0
12687,12687,249382,417117,Trail to Mexico (Mexican Institute Of Sound Remix),Johnny Cash,2009,Django Unchained,2012,,Aint No Grave (Black Opium Remix),johnny cash,0
12751,12751,570972,575002,The Four Seasons - Spring - Allegro,Antonio Vivaldi,1989,Personal Space,2014,,Concerto in C Major for Mandolin  Strings & Basso Continuo (1. Allegro),antonio vivaldi,0
12843,12843,800316,38883,Love Won't Let Me,Jason Michael Carroll,2007,CMT Top 20 Countdown,2001,(2007-11-01),Livin Our Love Song,jason michael carroll,0
12878,12878,563319,254770,A Swingin Safari,Bert Kaempfert And His Orchestra,2003,The Match Game,1962,(#4.253),A Swingin Safari (The Theme of The Match Game),bert kaempfert,1
12882,12882,435953,219237,Combination Boogie (Album Version),Brownsville Station,1975,Some Jerk with a Camera,2011,Thirty Years of EPCOT Part Three: The 1990s and 2000s (#2.5),The Martian Boogie,brownsville station,0
12899,12899,747670,78977,The Power Of Love,Frankie Goes To Hollywood,1984,EastEnders,1985,(2008-07-28),The Power of Love,frankie goes to hollywood,1
12935,12935,698463,69599,Dexter Main Title,Rolfe Kent,2007,Dexter,2006,Hungry Man (#4.9),Dexter Main Title,rolfe kent,1
12954,12954,276573,628405,Here They Come! from Star Wars,John Williams,0,Star Wars: Revelations,2005,,Star Wars Main Theme,john williams,1
12995,12995,318738,173686,Shadows Cast A Lie,James William Hindle,2003,One Tree Hill,2003,Spirit in the Night (#1.17),Shadow Casts A Lie,james william hindle,1
13013,13013,325479,584306,Symphony No. 9 In D Minor_ Op. 125; lll Adagio Molto E Cantabile,Ludwig van Beethoven,0,Prnom Carmen,1983,,String Quartet n. 16 op. 135,ludwig van beethoven+quatuor prat,0
13057,13057,958376,695438,The End Of The World,Slim Whitman,0,Thorne: Sleepyhead,2010,,The End Of The World,slim whitman,1
13069,13069,213658,660975,Je T'Aime... Moi Non Plus (Vibrators Remix - Versi,Serge Gainsbourg,0,The Full Monty,1997,,Je taime...moi non plus,serge gainsbourg,1
13211,13211,384331,238045,Testing 1_ 2_ 3 (Album Version),Barenaked Ladies,2003,The Big Bang Theory,2007,The Anxiety Optimization (#8.13),History of Everything (Instrumental version),barenaked ladies,0
13221,13221,344072,245586,The Nutcracker Op.71-atto 2 - Chinese Dance,Pyotr Il'yich Tchaikovsky,0,The Fresh Beat Band,2009,Pink Swan (#3.9),Swan Lake Act 2 Scene,pyotr ilyich tchaikovsky,0
13260,13260,809980,677053,Life On Mars? (Live At The Manhattan Center_ New York),David Bowie,2009,The Other Side of Rick Wakeman,2007,,Life On Mars,david bowie,1
13286,13286,755624,647547,Let Me (Let Me Be Your Lover),Jimmy 'Bo' Horne,0,The Baker,2007,,Let me (let you be your lover),harry wayne casey+richard finch+jimmy bo horne,1
13290,13290,835974,85673,Who Do You Love,Steve Miller Band,1994,Everybody Loves Raymond,1996,Meeting the Parents (#7.17),Jungle Love,steve miller band,0
13318,13318,860124,315789,Inside Straight,The Dirty Dozen Brass Band,0,Waterloo Road,2006,End of the Road (#9.19),A Gust Inside the God,youngblood brass band,0
13330,13330,394428,724131,Cantata No. 4 Christ Lay in the Bonds of Death BWV 4: Final Chorale  With Loving Hearts We Keep Today the Feast God Hath Us Given,Johann Sebastian Bach,0,Wie will ich lustig lachen,1984,,Wie will ich lustig lachen from Zerreiet  zersprenget  zertr_mmert die Gruft  BWV 205,johann sebastian bach,0
13374,13374,632544,483136,Suspended From Class,Camera Obscura,0,Imagine Me & You,2005,,Suspended from Class,camera obscura,1
13377,13377,547355,164703,HUNGARIAN DANCE No.3,Johannes Brahms / Gerhard Kanzian / Ed Lewis,0,Naeildo kantabille,2014,Lesson 11 (#1.11),Hungarian Dance No. 5,johannes brahms,0